<?xml version="1.0" encoding="UTF-8" standalone="no"?>
<ceml>
    <cem name="DiastolicBloodPressureMeas" kind="statement">
        <key code="DiastolicBloodPressure_KEY_CODE"></key>
        <data type="Quantity"></data>
        <qual type="MethodDevice" id="methodDevice" card="0-1"></qual>
        <qual type="BodyLocationPrecoord" id="bodyLocationPrecoord" card="0-1"></qual>
        <qual type="BodyPosition" id="bodyPosition" card="0-1"></qual>
        <qual type="AbnormalInterpretation" id="abnormalInterpretation" card="0-1"></qual>
        <qual type="DeltaFlag" id="deltaFlag" card="0-1"></qual>
        <qual type="ReferenceRangeNar" id="referenceRangeNar" card="0-1"></qual>
        <qual type="RelativeTemporalContext" id="relativeTemporalContext" card="0-M"></qual>
        <qual type="PatientPrecondition" id="patientPrecondition" card="0-M"></qual>
        <qual type="Comment" id="comment" card="0-M"></qual>
        <mod type="Subject" id="subject" card="0-1"></mod>
        <att type="Observed" id="observed" card="0-1"></att>
        <att type="ReportedReceived" id="reportedReceived" card="0-1"></att>
        <att type="Verified" id="verified" card="0-1"></att>
        <att type="Updated" id="updated" card="0-1"></att>
        <constraint path="abnormalInterpretation.data.codableConcept.valueset" value="AbnormalInterpretationNumericNom_VALUESET_CODE"></constraint>
        <constraint path="deltaFlag.data.codableConcept.valueset" value="DeltaFlagNumericNom_VALUESET_CODE"></constraint>
        <constraint path="data.quantity.unit_valueset" value="PressureUnits_VALUESET_CODE"></constraint>
        <constraint path="data.quantity.unit_normal" value="MillimetersOfMercury_CODE"></constraint>
        <constraint path="methodDevice.data.codableConcept.valueset" value="BloodPressureMeasurementDevice_VALUESET_CODE"></constraint>
    </cem>
    <info>
        <definition>DiastolicBloodPressureMeas model is a measurement model. A measurement model holds a "question" or a "test" in the key and holds a numeric value (PQ) answer in data. For example, in the HeartRateMeas model, the "question" or the "test" is "What is the heart rate measurement?", and the "answer" in data can be "100 bpm".
In the DiastolicBloodPressureMeas model, the question is "what is the subject's DiastolicBloodPressure?" and the numeric answer will be expressed in mmHg or millimeters of mercury. 
"DiastolicBloodPressure" by definition means "The measurement of blood pressure in the vascular system when the heart ventricles are relaxed".</definition>
    </info>
</ceml>