<?xml version="1.0" encoding="UTF-8" standalone="no"?>
<ceml>
    <cem name="OriginationMode" kind="component">
        <key code="OriginationMode_KEY_CODE"></key>
        <data type="CodableConcept"></data>
        <constraint path="data.codableConcept.strength" value="CNE"></constraint>
        <constraint path="data.codableConcept.valueset" value="OriginationMode_VALUESET_CODE"></constraint>
    </cem>
    <info>
        <definition>OriginationMode is a component model.
The mode of the order was received (by telephone, electronic, verbal, written)</definition>
    </info>
</ceml>