<?xml version="1.0" encoding="UTF-8" standalone="no"?>
<ceml>
    <cem name="AbacavirSuscPtIsolateOrdQnPhenotypingLabObs" kind="statement" base="StandardLabObsQuantitative">
        <key code="AbacavirSuscPtIsolateOrdQnPhenotyping_KEY_CODE"></key>
    </cem>
    <info>
        <definition>AbacavirSuscPtIsolateOrdQnPhenotypingLabObs is the Clinical Element Model for standard laboratory test results/observations with a choice of coded ordinal or physical quantity result. LOINC Code: 30273-7</definition>
    </info>
</ceml>