<?xml version="1.0" encoding="UTF-8" standalone="no"?>
<ceml>
    <cem name="AbacavirSuscPtIsolateOrdQnGenotypingLabObs" kind="statement" base="StandardLabObsQuantitative">
        <key code="AbacavirSuscPtIsolateOrdQnGenotyping_KEY_CODE"></key>
    </cem>
    <info>
        <definition>AbacavirSuscPtIsolateOrdQnGenotypingLabObs is the Clinical Element Model for standard laboratory test results/observations with a choice of coded ordinal or physical quantity result. LOINC Code: 30287-7</definition>
    </info>
</ceml>