<?xml version="1.0" encoding="UTF-8" standalone="no"?>
<ceml>
    <cem name="AbdominalPalpationEval" kind="statement">
        <key code="AbdominalPalpation_KEY_CODE"></key>
        <data type="CodableConcept"></data>
        <qual type="BodyLocation" id="bodyLocation" card="0-1"></qual>
        <qual type="BodyPosition" id="bodyPosition" card="0-1"></qual>
        <qual type="RelativeTemporalContext" id="relativeTemporalContext" card="0-M"></qual>
        <qual type="PatientPrecondition" id="patientPrecondition" card="0-M"></qual>
        <mod type="Subject" id="subject" card="0-1"></mod>
        <att type="Observed" id="observed" card="0-1"></att>
        <att type="ReportedReceived" id="reportedReceived" card="0-1"></att>
        <att type="Verified" id="verified" card="0-1"></att>
        <constraint path="data.codableConcept.strength" value="CWE"></constraint>
        <constraint path="data.codableConcept.valueset" value="AbdominalPalpation_VALUESET_CODE"></constraint>
        <constraint path="bodyLocation.data.codableConcept.valueset" value="AbdominalBodyLocation_VALUESET_CODE"></constraint>
    </cem>
    <info>
        <definition>AbdominalPalpationEval model is an evaluation model. An evaluation model holds a "question" in the key and holds a coded value (CD or CO) answer in data. For example, in the HairColorEval model, the "question" is "What is the hair color evaluation?", and the "answer" in data can be "White".
In the AbdominalPalpationEval model, the question is "how does the patient's abdomen feel upon palpation?" and the coded answers can be 'soft','firm', and 'rigid' etc.
"AbdominalPalpation" describes findings of location and character noted when a patient's abdomen is
examined using palpation.</definition>
    </info>
</ceml>