<?xml version="1.0" encoding="UTF-8" standalone="no"?>
<ceml>
    <cem name="AbnormalInd" kind="component">
        <key code="AbnormalInd_KEY_CODE"></key>
        <data type="CodableConcept"></data>
        <constraint path="data.codableConcept.strength" value="CNE"></constraint>
        <constraint path="data.codableConcept.valueset" value="YesNo_VALUESET_CODE"></constraint>
    </cem>
    <info>
        <definition>AbnormalIndicator is a Yes/No model which is used to reflect the abnormality or non-abnormality in the data model stored in the instance.</definition>
    </info>
</ceml>