<?xml version="1.0" encoding="UTF-8" standalone="no"?>
<ceml>
    <cem name="AbnormalNewbornScreenLabObs" kind="statement" base="StandardLabObsOrdinal">
        <key code="AbnormalNewbornScreen_KEY_CODE"></key>
        <constraint path="data.codedOrdinal.valueset" value="YesNo_VALUESET_CODE"></constraint>
    </cem>
    <info>
        <definition>AbnormalNewbornScreenObs is a clinical element model to record if the newborn screening is abnormal or not.  Ordinal results of Yes/No.</definition>
    </info>
</ceml>