<?xml version="1.0" encoding="UTF-8" standalone="no"?>
<ceml>
    <cem name="ABOGroupTypePtBldNomLabObs" kind="statement" base="StandardLabObsCoded">
        <key code="ABOGroupTypePtBldNom_KEY_CODE"></key>
        <constraint path="data.codableConcept.valueset" value="BloodType_VALUESET_CODE"></constraint>
    </cem>
    <info>
        <definition>ABOGroupTypePtBldNomLabObs is the Clinical Element Model for standard laboratory test results/observations with coded results. LOINC Code: 883-9</definition>
    </info>
</ceml>