<?xml version="1.0" encoding="UTF-8" standalone="no"?>
<ceml>
    <cem name="ABORhGroupTypePtBldCoNomLabObs" kind="statement" base="StandardLabObsCoded">
        <key code="ABORhGroupTypePtBldCoNom_KEY_CODE"></key>
        <constraint path="data.codableConcept.valueset" value="BloodType_VALUESET_CODE"></constraint>
    </cem>
    <info>
        <definition>ABORhGroupTypePtBldCoNomLabObs is the Clinical Element Model for standard laboratory test results/observations with coded results. LOINC Code: 34474-7</definition>
    </info>
</ceml>