<?xml version="1.0" encoding="UTF-8" standalone="no"?>
<ceml>
    <cem name="ABORhGroupTypePtBldNomLabObs" kind="statement" base="StandardLabObsCoded">
        <key code="ABORhGroupTypePtBldNom_KEY_CODE"></key>
        <constraint path="data.codableConcept.valueset" value="BloodType_VALUESET_CODE"></constraint>
    </cem>
    <info>
        <definition>ABORhGroupTypePtBldNomLabObs is the Clinical Element Model for standard laboratory test results/observations with coded results. LOINC Code: 882-1</definition>
    </info>
</ceml>