<?xml version="1.0" encoding="UTF-8" standalone="no"?>
<ceml>
    <cem name="ABORhGroupTypePtSerPlasBPUNomLabObs" kind="statement" base="StandardLabObsCoded">
        <key code="ABORhGroupTypePtSerPlasBPUNom_KEY_CODE"></key>
        <constraint path="data.codableConcept.valueset" value="BloodType_VALUESET_CODE"></constraint>
    </cem>
    <info>
        <definition>ABORhGroupTypePtSerPlasBPUNomLabObs is the Clinical Element Model for standard laboratory test results/observations with coded results. LOINC Code: 881-3</definition>
    </info>
</ceml>