<?xml version="1.0" encoding="UTF-8" standalone="no"?>
<ceml>
    <cem name="AccompaniedByEval" kind="statement">
        <key code="AccompaniedBy_KEY_CODE"></key>
        <data type="CodableConcept"></data>
        <mod type="Subject" id="subject" card="0-1"></mod>
        <att type="Observed" id="observed" card="0-1"></att>
        <att type="ReportedReceived" id="reportedReceived" card="0-1"></att>
        <att type="Verified" id="verified" card="0-1"></att>
        <constraint path="data.codableConcept.strength" value="CWE"></constraint>
        <constraint path="data.codableConcept.valueset" value="AccompaniedBy_VALUESET_CODE"></constraint>
    </cem>
    <info>
        <definition>AccompaniedByEval model is an evaluation model. An evaluation model holds a "question" in the key and holds a coded value (CD or CO) answer in data. For example, in the HairColorEval model, the "question" is "What is the hair color evaluation?", and the "answer" in data can be "White".
In the AccompaniedByEval model, the question is "who accompanied the subject?" and the coded answers can be 'RN','tech', and 'parent' etc.</definition>
    </info>
</ceml>