<?xml version="1.0" encoding="UTF-8" standalone="no"?>
<ceml>
    <cem name="AccumulationStartDate" kind="component">
        <key code="AccumulationStartDate_KEY_CODE"></key>
        <data type="DateTime"></data>
        <qual type="EstimatedInd" id="estimatedInd" card="0-1"></qual>
    </cem>
    <info>
        <definition>AccumulationStartDate is the date and time the cummulative dose started to accrue. This model was made specifically for Homer Warner Center for use in the 
Lifetime Radiation Dose model, but can be used in other models if needed.</definition>
    </info>
</ceml>