<?xml version="1.0" encoding="UTF-8" standalone="no"?>
<ceml>
    <cem name="AcerNegundoAbIgEACncPtSerQnLabObs" kind="statement" base="StandardLabObsQuantitative">
        <key code="AcerNegundoAbIgEACncPtSerQn_KEY_CODE"></key>
        <constraint path="data.quantity.unit_valueset" value="SubstanceRateConcentrationUnits_VALUESET_CODE"></constraint>
        <constraint path="data.quantity.unit_normal" value="KilounitsPerLiter_CODE"></constraint>
    </cem>
    <info>
        <definition>AcerNegundoAbIgEACncPtSerQnLabObs is the Clinical Element Model for standard laboratory test results/observations numeric results. LOINC Code: 7155-5.</definition>
    </info>
</ceml>