<?xml version="1.0" encoding="UTF-8" standalone="no"?>
<ceml>
    <cem name="AcetylcholineReceptorBlockingAbAcetylcholineAbTotalSFrPtSerQnLabObs" kind="statement" base="StandardLabObsQuantitative">
        <key code="AcetylcholineReceptorBlockingAbAcetylcholineAbTotalSFrPtSerQn_KEY_CODE"></key>
        <constraint path="data.quantity.unit_valueset" value="GeneralFractionUnits_VALUESET_CODE"></constraint>
        <constraint path="data.quantity.unit_normal" value="Percent_CODE"></constraint>
    </cem>
    <info>
        <definition>AcetylcholineReceptorBlockingAbAcetylcholineAbTotalSFrPtSerQnLabObs is the Clinical Element Model for standard laboratory test results/observations numeric results. LOINC Code: 42937-3.</definition>
    </info>
</ceml>