<?xml version="1.0" encoding="UTF-8" standalone="no"?>
<ceml>
    <cem name="AcetohexamideMCncPtSerPlasQnLabObs" kind="statement" base="StandardLabObsQuantitative">
        <key code="AcetohexamideMCncPtSerPlasQn_KEY_CODE"></key>
        <constraint path="data.quantity.unit_valueset" value="MassConcentrationUnits_VALUESET_CODE"></constraint>
        <constraint path="data.quantity.unit_normal" value="MicrogramsPerMilliliter_CODE"></constraint>
    </cem>
    <info>
        <definition>AcetohexamideMCncPtSerPlasQnLabObs is the Clinical Element Model for standard laboratory test results/observations numeric results. LOINC Code: 27007-4.</definition>
    </info>
</ceml>