<?xml version="1.0" encoding="UTF-8" standalone="no"?>
<ceml>
    <cem name="AcidPhosphataseProstaticMCncPtSerQnLabObs" kind="statement" base="StandardLabObsQuantitative">
        <key code="AcidPhosphataseProstaticMCncPtSerQn_KEY_CODE"></key>
        <constraint path="data.quantity.unit_valueset" value="MassConcentrationUnits_VALUESET_CODE"></constraint>
        <constraint path="data.quantity.unit_normal" value="NanogramsPerMilliliter_CODE"></constraint>
    </cem>
    <info>
        <definition>AcidPhosphataseProstaticMCncPtSerQnLabObs is the Clinical Element Model for standard laboratory test results/observations numeric results. LOINC Code: 20420-6.</definition>
    </info>
</ceml>