<?xml version="1.0" encoding="UTF-8" standalone="no"?>
<ceml>
    <cem name="ActionVerb" kind="component">
        <key code="ActionVerb_KEY_CODE"></key>
        <data type="CodableConcept"></data>
        <constraint path="data.codableConcept.strength" value="CWE"></constraint>
        <constraint path="data.codableConcept.valueset" value="ActionVerb_VALUESET_CODE"></constraint>
    </cem>
    <info>
        <definition>ActionVerb was developed specifically for ambulatory medication orders. It is used to capture action words
in the order such as "Take," "Apply," etc. It could have a default value depending on medication, with the ability to change it if needed.</definition>
    </info>
</ceml>