<?xml version="1.0" encoding="UTF-8" standalone="no"?>
<ceml>
    <cem name="ActiveCancerAssert" kind="statement" base="ClinicalAssert">
        <qual type="ActiveCriterion" id="activeCriterion" card="0-1"></qual>
        <qual type="SupportingInformationPointerLink" id="supportingInformationPointerLink" card="0-1"></qual>
        <qual type="SupportingInformationStringLink" id="supportingInformationStringLink" card="0-1"></qual>
        <constraint path="data.codableConcept.code" value="ActiveCancer_CODE"></constraint>
    </cem>
    <info>
        <definition>ActiveCancerAssert is an assertion model. In an assertion model, the key is set to "Assertion_KEY_ECID", and data is the condition being asserted. 
For example, the AbdominalTendernessAssert model has a key of "Assertion_KEY_ECID" and a data of "AbdominalTenderness_ECID".
In the ActiveCancerAssert model, data is  ActiveCancer_ECID.</definition>
    </info>
</ceml>