<?xml version="1.0" encoding="UTF-8" standalone="no"?>
<ceml>
    <cem name="ActiveCancerLikelihood" kind="statement">
        <key code="ActiveCancer_KEY_CODE"></key>
        <data type="CodableConcept"></data>
        <qual type="ActiveCriterion" id="activeCriterion" card="0-1"></qual>
        <qual type="SupportingInformationPointerLink" id="supportingInformationPointerLink" card="0-1"></qual>
        <qual type="SupportingInformationStringLink" id="supportingInformationStringLink" card="0-1"></qual>
        <qual type="DateOfOnset" id="dateOfOnset" card="0-1"></qual>
        <qual type="Aggregate" id="aggregate" card="0-1"></qual>
        <mod type="Subject" id="subject" card="0-1"></mod>
        <att type="Observed" id="observed" card="0-1"></att>
        <constraint path="data.codableConcept.strength" value="CWE"></constraint>
        <constraint path="data.codableConcept.valueset" value="Likelihood_VALUESET_CODE"></constraint>
    </cem>
    <info>
        <definition>ActiveCancerLikelihood is a model where the value indicates the likelihood that the patient has active cancer.</definition>
    </info>
</ceml>