<?xml version="1.0" encoding="UTF-8" standalone="no"?>
<ceml>
    <cem name="ActivatedClottingTimeKaolinLabObs" kind="statement" base="StandardLabObsQuantitative">
        <key code="ActivatedClottingTimeKaolin_KEY_CODE"></key>
        <constraint path="data.quantity.unit_valueset" value="TimeUnits_VALUESET_CODE"></constraint>
        <constraint path="data.quantity.unit_normal" value="Seconds_CODE"></constraint>
    </cem>
    <info>
        <definition>ActivatedClottingTimeKaolinLabObs is the Clinical Element Model for standard laboratory test results/observations numeric results. LOINC Code: none.</definition>
    </info>
</ceml>