<?xml version="1.0" encoding="UTF-8" standalone="no"?>
<ceml>
    <cem name="ActionMethod" kind="component">
        <key code="ActionMethod_KEY_CODE"></key>
        <data type="CodableConcept"></data>
        <constraint path="data.codableConcept.strength" value="CWE"></constraint>
        <constraint path="data.codableConcept.valueset" value="ActionMethod_VALUESET_CODE"></constraint>
    </cem>
    <info>
        <definition>ActionMethod is an abstract model for Method. This component captures what method used in Attribution models. 
   For instance, in Verified, it captures how verification is achieved (verbal, written, telephone, etc.).</definition>
    </info>
</ceml>