<?xml version="1.0" encoding="UTF-8" standalone="no"?>
<ceml>
    <cem name="ActinSmoothMuscleAbIgGACncPtSerQnLabObs" kind="statement" base="StandardLabObsQuantitative">
        <key code="ActinSmoothMuscleAbIgGACncPtSerQn_KEY_CODE"></key>
        <constraint path="data.quantity.unit_valueset" value="SubstanceRateUnits_VALUESET_CODE"></constraint>
        <constraint path="data.quantity.unit_normal" value="Units_CODE"></constraint>
    </cem>
    <info>
        <definition>ActinSmoothMuscleAbIgGACncPtSerQnLabObs is the Clinical Element Model for standard laboratory test results/observations numeric results. LOINC Code: 44706-0.</definition>
    </info>
</ceml>