<?xml version="1.0" encoding="UTF-8" standalone="no"?>
<ceml>
    <cem name="ActivatedproteinCresistanceTRtoPtPPPQnCoagLabObs" kind="statement" base="StandardLabObsQuantitative">
        <key code="ActivatedproteinCresistanceTRtoPtPPPQnCoag_KEY_CODE"></key>
        <constraint path="data.quantity.unit_valueset" value="MeasuredEntityNonUnits_VALUESET_CODE"></constraint>
        <constraint path="data.quantity.unit_normal" value="Ratio_CODE"></constraint>
    </cem>
    <info>
        <definition>ActivatedproteinCresistanceTRtoPtPPPQnCoagLabObs is the Clinical Element Model for standard laboratory test results/observations numeric results. 
LOINC Code: 13590-5.</definition>
    </info>
</ceml>