<?xml version="1.0" encoding="UTF-8" standalone="no"?>
<ceml>
    <cem name="ActiveCriterion" kind="component">
        <key code="ActiveCriterion_KEY_CODE"></key>
        <data type="CodableConcept"></data>
        <constraint path="data.codableConcept.strength" value="CWE"></constraint>
        <constraint path="data.codableConcept.valueset" value="ActiveCriterion_VALUESET_CODE"></constraint>
    </cem>
    <info>
        <definition>ActiveCriterion is a property that indicates the definition of 'active' for the observation.</definition>
    </info>
</ceml>