<?xml version="1.0" encoding="UTF-8" standalone="no"?>
<ceml>
    <cem name="ActiveIngredient" kind="component">
        <key code="ActiveIngredient_KEY_CODE"></key>
        <data type="CodableConcept"></data>
        <qual type="Strength" id="strength" card="0-1"></qual>
        <qual type="CalculatedDoseMax" id="calculatedDoseMax" card="0-1"></qual>
        <constraint path="data.codableConcept.strength" value="CNE"></constraint>
        <constraint path="data.codableConcept.valueset" value="Ingredient_VALUESET_CODE"></constraint>
    </cem>
    <info>
        <definition>ActiveIngredient is the substance which gives something, usually medication,its therapeutic effect.</definition>
    </info>
</ceml>