<?xml version="1.0" encoding="UTF-8" standalone="no"?>
<ceml>
    <cem name="ActReason" kind="component">
        <key code="ActReason_KEY_CODE"></key>
        <data type="CodableConcept"></data>
        <constraint path="data.codableConcept.strength" value="CWE"></constraint>
        <constraint path="data.codableConcept.valueset" value="ActReason_VALUESET_CODE"></constraint>
    </cem>
    <info>
        <definition>ActReason reflects a set of values specifying the administrative reasons for a 
patient encounter. Examples are "Medical Necessity,","Patient's Request" and "Dependency." Note, 
medical reason(s) for the encounter are specified as associated diagnoses.</definition>
    </info>
</ceml>