<?xml version="1.0" encoding="UTF-8" standalone="no"?>
<ceml>
    <cem name="ActStatus" kind="component">
        <key code="ActStatus_KEY_CODE"></key>
        <data type="CodableConcept"></data>
        <constraint path="data.codableConcept.strength" value="CNE"></constraint>
        <constraint path="data.codableConcept.valueset" value="ActStatus_VALUESET_CODE"></constraint>
    </cem>
    <info>
        <definition>ActStatus is the state of an act or an entity. It needs to be constrained to a specific status
 data domain, such as role status or guarantor status, etc.</definition>
    </info>
</ceml>