<?xml version="1.0" encoding="UTF-8" standalone="no"?>
<ceml>
    <cem name="ActualDrawTime3HrLabObs" kind="statement" base="StandardLabObsQuantitative">
        <key code="ActualDrawTime3Hr_KEY_CODE"></key>
        <constraint path="data.quantity.unit_valueset" value="UnitsOfMeasure_VALUESET_CODE"></constraint>
    </cem>
    <info>
        <definition>ActualDrawTime3HrLabObs is the Clinical Element Model for standard laboratory test results/observations numeric results. LOINC Code: none.</definition>
    </info>
</ceml>