<?xml version="1.0" encoding="UTF-8" standalone="no"?>
<ceml>
    <cem name="AcylcarnitineMCncPtSerPlasQnLabObs" kind="statement" base="StandardLabObsQuantitative">
        <key code="AcylcarnitineMCncPtSerPlasQn_KEY_CODE"></key>
        <constraint path="data.quantity.unit_valueset" value="UnitsOfMeasure_VALUESET_CODE"></constraint>
    </cem>
    <info>
        <definition>AcylcarnitineMCncPtSerPlasQnLabObs is the Clinical Element Model for standard laboratory test results/observations numeric results. LOINC Code: 1717-8.</definition>
    </info>
</ceml>