<?xml version="1.0" encoding="UTF-8" standalone="no"?>
<ceml>
    <cem name="AddressType" kind="component">
        <key code="AddressType_KEY_CODE"></key>
        <data type="CodableConcept"></data>
        <constraint path="data.codableConcept.strength" value="CWE"></constraint>
        <constraint path="data.codableConcept.valueset" value="AddressType_VALUESET_CODE"></constraint>
    </cem>
    <info>
        <definition>AddressType is a component model which describes the use classification of the 
MAILING ADDRESS entity in the dimension of its representation type. 
			The value set of this coded attribute is taken from the HL7 V3 Address Use code set with CDM extension:
			-   ABC: Alphabetic text of address
			-   SYL: Syllabic text of address
			-   IDE: Ideographic text of address</definition>
    </info>
</ceml>