<?xml version="1.0" encoding="UTF-8" standalone="no"?>
<ceml>
    <cem name="Address" kind="component">
        <key code="Address_KEY_CODE"></key>
        <item type="AddressLine" id="addressLine" card="0-M"></item>
        <item type="City" id="city" card="0-1"></item>
        <item type="PostalCode" id="postalCode" card="0-1"></item>
        <item type="State" id="state" card="0-1"></item>
        <item type="Country" id="country" card="0-1"></item>
        <item type="AddressText" id="addressText" card="0-1"></item>
        <qual type="AddressUse" id="addressUse" card="0-1"></qual>
        <qual type="PrimaryInd" id="primaryInd" card="0-1"></qual>
        <qual type="AddressType" id="addressType" card="0-1"></qual>
        <qual type="Period" id="period" card="0-1"></qual>
    </cem>
    <info>
        <definition>Address captures the street address of a location 
		(e.g., a hospital or a patient's home). The common fields are listed specifically as items, but the AddressPart is still kept for including other address parts suggested in HL7.</definition>
    </info>
</ceml>