<?xml version="1.0" encoding="UTF-8" standalone="no"?>
<ceml>
    <cem name="AddressPartType" kind="component">
        <key code="AddressPartType_KEY_CODE"></key>
        <data type="CodableConcept"></data>
        <constraint path="data.codableConcept.strength" value="CWE"></constraint>
        <constraint path="data.codableConcept.valueset" value="AddressPartType_VALUESET_CODE"></constraint>
    </cem>
    <info>
        <definition>AddressPartType is used to capture the description of what a portion
of an address actually is (i.e., unit identifier, direction, street name, precinct, etc.)</definition>
    </info>
</ceml>