<?xml version="1.0" encoding="UTF-8" standalone="no"?>
<ceml>
    <cem name="AddressOfInjury" kind="component">
        <key code="AddressOfInjury_KEY_CODE"></key>
        <item type="AddressType" id="addressType" card="0-1"></item>
        <item type="AddressLine" id="addressLine" card="0-M"></item>
        <item type="City" id="city" card="0-1"></item>
        <item type="County" id="county" card="0-1"></item>
        <item type="State" id="state" card="0-1"></item>
        <item type="PostalCode" id="postalCode" card="0-1"></item>
        <item type="Country" id="country" card="0-1"></item>
    </cem>
    <info>
        <definition>AddressOfInjury is the real time or mailing address of the location where injuries were sustained.</definition>
    </info>
</ceml>