<?xml version="1.0" encoding="UTF-8" standalone="no"?>
<ceml>
    <cem name="AddressStatus" kind="component">
        <key code="AddressStatus_KEY_CODE"></key>
        <data type="CodableConcept"></data>
        <constraint path="data.codableConcept.strength" value="CNE"></constraint>
        <constraint path="data.codableConcept.valueset" value="EntityStatus_VALUESET_CODE"></constraint>
    </cem>
    <info>
        <definition>AddressStatus captures the state of a given address for a subject. Examples of values 
for data include: Active, Inactive, Nullified, etc.</definition>
    </info>
</ceml>