<?xml version="1.0" encoding="UTF-8" standalone="no"?>
<ceml>
    <cem name="AdenosineDeaminaseCCncPtBldQnLabObs" kind="statement" base="StandardLabObsQuantitative">
        <key code="AdenosineDeaminaseCCncPtBldQn_KEY_CODE"></key>
        <constraint path="data.quantity.unit_valueset" value="SubstanceContentRateUnits_VALUESET_CODE"></constraint>
        <constraint path="data.quantity.unit_normal" value="UnitsPerGramHemoglobin_CODE"></constraint>
    </cem>
    <info>
        <definition>AdenosineDeaminaseCCncPtBldQnLabObs is the Clinical Element Model for standard laboratory test results/observations numeric results. LOINC Code: 1722-8.</definition>
    </info>
</ceml>