<?xml version="1.0" encoding="UTF-8" standalone="no"?>
<ceml>
    <cem name="AdenovirusAbIgGACncPtSerQnLabObs" kind="statement" base="StandardLabObsQuantitative">
        <key code="AdenovirusAbIgGACncPtSerQn_KEY_CODE"></key>
        <constraint path="data.quantity.unit_valueset" value="MeasuredEntityNonUnits_VALUESET_CODE"></constraint>
        <constraint path="data.quantity.unit_normal" value="IndexValue_CODE"></constraint>
    </cem>
    <info>
        <definition>AdenovirusAbIgGACncPtSerQnLabObs is the Clinical Element Model for standard laboratory test results/observations numeric results. LOINC Code: 13914-7.</definition>
    </info>
</ceml>