<?xml version="1.0" encoding="UTF-8" standalone="no"?>
<ceml>
    <cem name="AdenosineMonophosphateCyclicSCncPtUrineQnLabObs" kind="statement" base="StandardLabObsQuantitative">
        <key code="AdenosineMonophosphateCyclicSCncPtUrineQn_KEY_CODE"></key>
        <constraint path="data.quantity.unit_valueset" value="SubstanceConcentrationUnits_VALUESET_CODE"></constraint>
        <constraint path="data.quantity.unit_normal" value="NanomolesPerMilliliter_CODE"></constraint>
    </cem>
    <info>
        <definition>AdenosineMonophosphateCyclicSCncPtUrineQnLabObs is the Clinical Element Model for standard laboratory test results/observations numeric results. LOINC Code: 22712-4.</definition>
    </info>
</ceml>