<?xml version="1.0" encoding="UTF-8" standalone="no"?>
<ceml>
    <cem name="AdenosineMonophosphateCyclicSCncPtSerPlasQnLabObs" kind="statement" base="StandardLabObsQuantitative">
        <key code="AdenosineMonophosphateCyclicSCncPtSerPlasQn_KEY_CODE"></key>
        <constraint path="data.quantity.unit_valueset" value="SubstanceConcentrationUnits_VALUESET_CODE"></constraint>
        <constraint path="data.quantity.unit_normal" value="PicomolesPerMilliliter_CODE"></constraint>
    </cem>
    <info>
        <definition>AdenosineMonophosphateCyclicSCncPtSerPlasQnLabObs is the Clinical Element Model for standard laboratory test results/observations numeric results. LOINC Code: 25498-7.</definition>
    </info>
</ceml>