<?xml version="1.0" encoding="UTF-8" standalone="no"?>
<ceml>
    <cem name="AdenosineDeaminaseCCntPtRBCQnLabObs" kind="statement" base="StandardLabObsQuantitative">
        <key code="AdenosineDeaminaseCCntPtRBCQn_KEY_CODE"></key>
        <constraint path="data.quantity.unit_valueset" value="SubstanceContentRateUnits_VALUESET_CODE"></constraint>
        <constraint path="data.quantity.unit_normal" value="UnitsPerGramHemoglobin_CODE"></constraint>
    </cem>
    <info>
        <definition>AdenosineDeaminaseCCntPtRBCQnLabObs is the Clinical Element model for the quantification of Adenosined
 Deaminase.
 LOINC code: 47549-1</definition>
    </info>
</ceml>