<?xml version="1.0" encoding="UTF-8" standalone="no"?>
<ceml>
    <cem name="AdipateCreatinineScRtoPtUrineQnLabObs" kind="statement" base="StandardLabObsQuantitative">
        <key code="AdipateCreatinineScRtoPtUrineQn_KEY_CODE"></key>
        <constraint path="data.quantity.unit_valueset" value="UnitsOfMeasure_VALUESET_CODE"></constraint>
    </cem>
    <info>
        <definition>AdipateCreatinineScRtoPtUrineQnLabObs is the Clinical Element Model for standard laboratory test results/observations numeric results. LOINC Code: 29859-6.</definition>
    </info>
</ceml>