<?xml version="1.0" encoding="UTF-8" standalone="no"?>
<ceml>
    <cem name="AdministrativeRace" kind="component">
        <key code="AdministrativeRace_KEY_CODE"></key>
        <data type="CodableConcept"></data>
        <constraint path="data.codableConcept.strength" value="CWE"></constraint>
        <constraint path="data.codableConcept.valueset" value="Race_VALUESET_CODE"></constraint>
    </cem>
    <info>
        <definition>AdministrativeRace captures a set of values representing the races of this person.</definition>
    </info>
</ceml>