<?xml version="1.0" encoding="UTF-8" standalone="no"?>
<ceml>
    <cem name="AdmitProcedure" kind="statement">
        <key code="AdmitProcedure_KEY_CODE"></key>
        <data type="CodableConcept"></data>
        <qual type="Comment" id="comment" card="0-M"></qual>
        <mod type="Subject" id="subject" card="0-1"></mod>
        <att type="Observed" id="observed" card="0-1"></att>
        <att type="Performed" id="performed" card="0-M"></att>
        <att type="ReportedReceived" id="reportedReceived" card="0-1"></att>
        <att type="Verified" id="verified" card="0-1"></att>
        <att type="Documented" id="documented" card="0-1"></att>
        <att type="Updated" id="updated" card="0-1"></att>
        <constraint path="data.codableConcept.strength" value="CWE"></constraint>
        <constraint path="data.codableConcept.valueset" value="Procedure_VALUESET_CODE"></constraint>
    </cem>
    <info>
        <definition>AdmitProcedure captures the procedure being performed on a patient which neccessitated an admission to a facility.</definition>
    </info>
</ceml>