<?xml version="1.0" encoding="UTF-8" standalone="no"?>
<ceml>
    <cem name="AdministrationPeriod" kind="component">
        <key code="AdministrationPeriod_KEY_CODE"></key>
        <data type="Quantity"></data>
        <constraint path="data.quantity.unit_normal" value="Minutes_CODE"></constraint>
        <constraint path="data.quantity.unit_valueset" value="TimeUnits_VALUESET_CODE"></constraint>
    </cem>
    <info>
        <definition>AdministrationPeriod is the time over which the administration should take place. 
Used in piggyback medication orders as in "infuse over 30 minutes".</definition>
    </info>
</ceml>