<?xml version="1.0" encoding="UTF-8" standalone="no"?>
<ceml>
    <cem name="AdminFrequency" kind="component">
        <key code="AdminFrequency_KEY_CODE"></key>
        <item type="AdminFrequencyItem" id="adminFrequencyItem" card="0-M"></item>
        <qual type="Expression" id="expression" card="0-1"></qual>
        <qual type="PRNInd" id="prnInd" card="0-1"></qual>
    </cem>
    <info>
        <definition>ADminFrequency can hold multiple Frequency definitions for the Orderable. The implied relationship between these frequencies is "AND".</definition>
    </info>
</ceml>