<?xml version="1.0" encoding="UTF-8" standalone="no"?>
<ceml>
    <cem name="AdministrativeAffiliation" kind="component">
        <key code="AdministrativeAffiliation_KEY_CODE"></key>
        <item type="ActStatus" id="actStatus" card="0-1"></item>
        <item type="StartTime" id="startTime" card="0-1"></item>
        <item type="EndTime" id="endTime" card="0-1"></item>
        <item type="OrganizationId" id="organizationId" card="0-1"></item>
    </cem>
    <info>
        <definition>AdministrativeAffiliation captures the administrative association that a provider has with an 
organization.  For example, a student is administratively related to a university; a employee is administratively related to the employer.</definition>
    </info>
</ceml>