<?xml version="1.0" encoding="UTF-8" standalone="no"?>
<ceml>
    <cem name="AdministrationDays" kind="component">
        <key code="AdministrationDays_KEY_CODE"></key>
        <item type="DayOfWeek" id="dayOfWeek" card="0-M"></item>
        <item type="DayOfMonth" id="dayOfMonth" card="0-M"></item>
        <item type="Date" id="date" card="0-M"></item>
        <item type="DaysOnDaysOff" id="daysOnDaysOff" card="0-1"></item>
        <item type="DayToEvent" id="dayToEvent" card="0-1"></item>
    </cem>
    <info>
        <definition>AdministrationDays includes a choice between various ways of stating a list of days for administration. 
This model contains component models whose data values can identify the days of the week, or the days of the month, 
or particular dates.</definition>
    </info>
</ceml>