<?xml version="1.0" encoding="UTF-8" standalone="no"?>
<ceml>
    <cem name="AdministrativeMaritalStatus" kind="component">
        <key code="AdministrativeMaritalStatus_KEY_CODE"></key>
        <data type="CodableConcept"></data>
        <constraint path="data.codableConcept.strength" value="CNE"></constraint>
        <constraint path="data.codableConcept.valueset" value="MaritalStatus_VALUESET_CODE"></constraint>
    </cem>
    <info>
        <definition>AdministrativeMaritalStatus captures a value representing the domestic partnership status of this person.</definition>
    </info>
</ceml>