<?xml version="1.0" encoding="UTF-8" standalone="no"?>
<ceml>
    <cem name="AdministrativeGender" kind="component">
        <key code="AdministrativeGender_KEY_CODE"></key>
        <data type="CodableConcept"></data>
        <constraint path="data.codableConcept.strength" value="CWE"></constraint>
        <constraint path="data.codableConcept.valueset" value="AdministrativeGender_VALUESET_CODE"></constraint>
    </cem>
    <info>
        <definition>AdministrativeGender is a value representing the gender (sex) of this person. Note: this attribute does not include terms related to clinical gender which is a complex physiological, genetic and sociological concept that requires multiple observations in order to be comprehensively described.</definition>
    </info>
</ceml>