<?xml version="1.0" encoding="UTF-8" standalone="no"?>
<ceml>
    <cem name="AdmitSource" kind="component">
        <key code="AdmitSource_KEY_CODE"></key>
        <data type="CodableConcept"></data>
        <constraint path="data.codableConcept.strength" value="CWE"></constraint>
        <constraint path="data.codableConcept.valueset" value="AdmitSource_VALUESET_CODE"></constraint>
    </cem>
    <info>
        <definition>AdmitSource indicates where the patient was admitted from. Sample values from HL7 2.x are: Physician referral, Clinic referral, HMO referral,
Transfer from a hospital, Transfer from a skilled nursing facility, Transfer from another health care 
facility, Emergency room, Court/law enforcement, Information not available.</definition>
    </info>
</ceml>