<?xml version="1.0" encoding="UTF-8" standalone="no"?>
<ceml>
    <cem name="AdministrationInstruction" kind="component">
        <key code="AdministrationInstruction_KEY_CODE"></key>
        <data type="String"></data>
    </cem>
    <info>
        <definition>AdministrationInstruction field contains the pharmacy or treatment supplier's provider-generated special instructions to the provider dispensing or administering an order. (RXE-21 definition) 
This should be visible to all clinicians, but not to the patient. Examples of values for the data would include instructions like: "run over 30 minutes" or "administer centrally."</definition>
    </info>
</ceml>