<?xml version="1.0" encoding="UTF-8" standalone="no"?>
<ceml>
    <cem name="AdmittingPhysicianEval" kind="statement">
        <key code="AdmittingPhysician_KEY_CODE"></key>
        <data type="Identifier"></data>
        <qual type="PersonName" id="personName" card="0-1"></qual>
        <mod type="Subject" id="subject" card="0-1"></mod>
        <att type="Observed" id="observed" card="0-1"></att>
        <att type="ReportedReceived" id="reportedReceived" card="0-1"></att>
        <att type="Verified" id="verified" card="0-1"></att>
    </cem>
    <info>
        <definition>AdmittingPhysicianEval indicates which physician will assume care of the patient once the patient is admitted.</definition>
    </info>
</ceml>