<?xml version="1.0" encoding="UTF-8" standalone="no"?>
<ceml>
    <cem name="AdmitProcedurePanel" kind="panel">
        <key code="AdmitProcedurePanel_KEY_CODE"></key>
        <item type="AdmitProcedure" id="admitProcedure" card="0-M"></item>
        <qual type="Comment" id="comment" card="0-M"></qual>
        <att type="Observed" id="observed" card="0-1"></att>
        <att type="Updated" id="updated" card="0-1"></att>
    </cem>
    <info>
        <definition>AdmitProcedurePanel captures procedures performed which resulted in the patient admission. Created specifically to capture OR procedures to be 
displayed in a multi-patient view.</definition>
    </info>
</ceml>