<?xml version="1.0" encoding="UTF-8" standalone="no"?>
<ceml>
    <cem name="AdministrativeOccupation" kind="component">
        <key code="AdministrativeOccupation_KEY_CODE"></key>
        <data type="CodableConcept"></data>
        <constraint path="data.codableConcept.strength" value="CWE"></constraint>
        <constraint path="data.codableConcept.valueset" value="AdministrativeOccupation_VALUESET_CODE"></constraint>
    </cem>
    <info>
        <definition>AdministrativeOccupation is a value that qualifies the classification of 'kind-of-work' based upon a recognized industry or jurisdictional standard.
Example values are healthcare support, production, management, etc.</definition>
    </info>
</ceml>