<?xml version="1.0" encoding="UTF-8" standalone="no"?>
<ceml>
    <cem name="AdmitDiagnosis" kind="statement">
        <key code="AdmitDiagnosis_KEY_CODE"></key>
        <data type="CodableConcept"></data>
        <qual type="Confidentiality" id="confidentiality" card="0-1"></qual>
        <qual type="Comment" id="comment" card="0-M"></qual>
        <mod type="Subject" id="subject" card="0-1"></mod>
        <att type="ReportedReceived" id="reportedReceived" card="0-1"></att>
        <constraint path="data.codableConcept.strength" value="CWE"></constraint>
        <constraint path="data.codableConcept.valueset" value="AdmitDiagnosis_VALUESET_CODE"></constraint>
    </cem>
    <info>
        <definition>AdmitDiagnos is used to capture the diagnosis assigned to the patient at the time of admission.</definition>
    </info>
</ceml>