<?xml version="1.0" encoding="UTF-8" standalone="no"?>
<ceml>
    <cem name="AdministrativeEthnicGroup" kind="component">
        <key code="AdministrativeEthnicGroup_KEY_CODE"></key>
        <data type="CodableConcept"></data>
        <constraint path="data.codableConcept.strength" value="CWE"></constraint>
        <constraint path="data.codableConcept.valueset" value="EthnicGroup_VALUESET_CODE"></constraint>
    </cem>
    <info>
        <definition>AdministrativeEthnicGroup captures a set of values representing the ethnic groups of a person.</definition>
    </info>
</ceml>