<?xml version="1.0" encoding="UTF-8" standalone="no"?>
<ceml>
    <cem name="AdminFrequencyItem" kind="component">
        <key code="AdminFrequencyItem_KEY_CODE"></key>
        <item type="CodedFrequency" id="codedFrequency" card="0-1"></item>
        <item type="PeriodicFrequencyLowerLimit" id="periodicFrequencyLowerLimit" card="0-1"></item>
        <item type="PeriodicFrequencyUpperLimit" id="periodicFrequencyUpperLimit" card="0-1"></item>
        <item type="DateTime" id="administrationTime" card="0-M"></item>
        <item type="AdministrationDays" id="administrationDays" card="0-1"></item>
        <qual type="DailyDoseCount" id="dailyDoseCount" card="0-1"></qual>
        <qual type="ExpressionTermId" id="expressionTermId" card="0-1"></qual>
    </cem>
    <info>
        <definition>AdminFrequencyItem is an individual administration frequency, or how many times an orderable is to be initiated or given.  
There may be multiple of these within an AdminFrequency.</definition>
    </info>
</ceml>