<?xml version="1.0" encoding="UTF-8" standalone="no"?>
<ceml>
    <cem name="AdultPeripheralPulseScaleMeas" kind="statement">
        <key code="AdultPeripheralPulseScale_KEY_CODE"></key>
        <data type="CodedOrdinal"></data>
        <qual type="BodyLocation" id="bodyLocation" card="0-1"></qual>
        <qual type="MethodDevice" id="methodDevice" card="0-1"></qual>
        <qual type="Aggregate" id="aggregate" card="0-1"></qual>
        <qual type="RelativeTemporalContext" id="relativeTemporalContext" card="0-M"></qual>
        <qual type="PatientPrecondition" id="patientPrecondition" card="0-M"></qual>
        <mod type="Subject" id="subject" card="0-1"></mod>
        <att type="Observed" id="observed" card="0-1"></att>
        <att type="ReportedReceived" id="reportedReceived" card="0-1"></att>
        <att type="Verified" id="verified" card="0-1"></att>
        <constraint path="data.codedOrdinal.valueset" value="AdultPeripheralPulseScale_VALUESET_CODE"></constraint>
        <constraint path="bodyLocation.data.codableConcept.valueset" value="PeripheralPulseBodyLocation_VALUESET_CODE"></constraint>
        <constraint path="methodDevice.data.codableConcept.valueset" value="PeripheralPulseMethodDevice_VALUESET_CODE"></constraint>
    </cem>
    <info>
        <definition>AdultPeripheralPulseScaleMeas model is a measurement model. A measurement model holds a "question" or a "test" in the key and holds a numeric value (PQ) answer in data. For example, in the HeartRateMeas model, the "question" or the "test" is "What is the heart rate measurement?", and the "answer" in data can be "100 bpm".
In the AdultPeripheralPulseScaleMeas model, the question is "what does the subject's peripheral pulse equate to on the adult peripheral pulse scale ?" and the numeric answer will be a CO (1+,2+, etc.) 
"AdultPeripheralPulseScale" by definition is meant to quantify the strength and character of the rhythmic expansion of an 
artery felt peripherally.</definition>
    </info>
</ceml>