<?xml version="1.0" encoding="UTF-8" standalone="no"?>
<ceml>
    <cem name="AdvancedDirectiveEval" kind="statement">
        <key code="AdvancedDirective_KEY_CODE"></key>
        <data type="CodableConcept"></data>
        <qual type="Aggregate" id="aggregate" card="0-1"></qual>
        <qual type="RelativeTemporalContext" id="relativeTemporalContext" card="0-M"></qual>
        <qual type="PatientPrecondition" id="patientPrecondition" card="0-M"></qual>
        <mod type="Subject" id="subject" card="0-1"></mod>
        <att type="Observed" id="observed" card="0-1"></att>
        <att type="ReportedReceived" id="reportedReceived" card="0-1"></att>
        <att type="Verified" id="verified" card="0-1"></att>
        <constraint path="data.codableConcept.strength" value="CWE"></constraint>
        <constraint path="data.codableConcept.valueset" value="AdvancedDirective_VALUESET_CODE"></constraint>
    </cem>
    <info>
        <definition>AdvancedDirectiveEval model is an evaluation model. An evaluation model holds a "question" in the key and holds a coded value (CD or CO) answer in data. For example, in the HairColorEval model, the "question" is "What is the hair color evaluation?", and the "answer" in data can be "White".
In the AdvancedDirectiveEval model, the question is "what kind of advanced directive does a subject have?" and the coded answers can be 'living will','durable power of attorney',etc.
"AdvancedDirective" by definition means a set of noterized instructions a subject creates beforehand, which states what actions they wish to have done or not pertaining to their medical care when they are unable to express these due to illness or injury.</definition>
    </info>
</ceml>