<?xml version="1.0" encoding="UTF-8" standalone="no"?>
<ceml>
    <cem name="AdverseReactionSummaryCategory" kind="component">
        <key code="AdverseReactionSummaryCategory_KEY_CODE"></key>
        <data type="CodableConcept"></data>
        <constraint path="data.codableConcept.strength" value="CNE"></constraint>
        <constraint path="data.codableConcept.valueset" value="AdverseReactionSummaryCategory_VALUESET_CODE"></constraint>
    </cem>
    <info>
        <definition>AdverseReactionSummaryCategory is the CEM for documenting the category of allergy summaries.</definition>
    </info>
</ceml>