<?xml version="1.0" encoding="UTF-8" standalone="no"?>
<ceml>
    <cem name="AdverseReactionSummary" kind="statement" base="PrescribingGuidance">
        <key code="AdverseReactionSummary_KEY_CODE"></key>
        <data type="CodableConcept"></data>
        <qual type="AdverseReactionSummaryCategory" id="adverseReactionSummaryCategory" card="1"></qual>
        <constraint path="data.codableConcept.strength" value="CNE"></constraint>
        <constraint path="data.codableConcept.valueset" value="AdverseReactionSummary_VALUESET_CODE"></constraint>
    </cem>
    <info>
        <definition>AdverseReactionSummary is a summary of the overall status of the patient's prescribing guidance by category for all types of allergies as Present and Recorded, No Known Allergies, Not Assessed, or Unable To Assess.</definition>
    </info>
</ceml>