<?xml version="1.0" encoding="UTF-8" standalone="no"?>
<ceml>
    <cem name="AerobicExerciseFrequencyMeas" kind="statement">
        <key code="AerobicExerciseFrequency_KEY_CODE"></key>
        <data type="Quantity"></data>
        <qual type="DeltaFlag" id="deltaFlag" card="0-1"></qual>
        <qual type="Aggregate" id="aggregate" card="0-1"></qual>
        <qual type="RelativeTemporalContext" id="relativeTemporalContext" card="0-M"></qual>
        <mod type="Subject" id="subject" card="0-1"></mod>
        <att type="Observed" id="observed" card="0-1"></att>
        <att type="ReportedReceived" id="reportedReceived" card="0-1"></att>
        <att type="Verified" id="verified" card="0-1"></att>
        <constraint path="deltaFlag.data.codableConcept.valueset" value="DeltaFlagNumericNom_VALUESET_CODE"></constraint>
        <constraint path="data.quantity.unit_valueset" value="NumberRateUnits_VALUESET_CODE"></constraint>
        <constraint path="data.quantity.unit_normal" value="TimesPerWeek_CODE"></constraint>
    </cem>
    <info>
        <definition>AerobicExerciseFrequencyMeas model is a measurement model. A measurement model holds a "question" or a "test" in the key and holds a numeric value (PQ) answer in data. For example, in the HeartRateMeas model, the "question" or the "test" is "What is the heart rate measurement?", and the "answer" in data can be "100 bpm".
In the AerobicExerciseFrequencyMeas model, the question is "how often does the subject participate in aerobic exercise activity?" and the numeric answer will have a value indicating times per week.</definition>
    </info>
</ceml>