<?xml version="1.0" encoding="UTF-8" standalone="no"?>
<ceml>
    <cem name="AgeInd" kind="statement">
        <key code="AgeInd_KEY_CODE"></key>
        <data type="CodableConcept"></data>
        <qual type="StandardizedScoreWeight" id="standardizedScoreWeight" card="0-1"></qual>
        <qual type="StandardizedScoreName" id="standardizedScoreName" card="0-1"></qual>
        <qual type="SupportingInformationStringLink" id="supportingInformationStringLink" card="0-1"></qual>
        <constraint path="data.codableConcept.strength" value="CNE"></constraint>
        <constraint path="data.codableConcept.valueset" value="YesNo_VALUESET_CODE"></constraint>
    </cem>
    <info>
        <definition></definition>
    </info>
</ceml>