<?xml version="1.0" encoding="UTF-8" standalone="no"?>
<ceml>
    <cem name="AggregateStrength" kind="component">
        <key code="AggregateStrength_KEY_CODE"></key>
        <data type="CodableConcept"></data>
        <constraint path="data.codableConcept.valueset" value="DoseQuantityUnitOfMeasure_VALUESET_CODE"></constraint>
    </cem>
    <info>
        <definition>AggregateStrength is the strength of the ingredient without manipulation or decomposition. 
WYSIWYG.</definition>
    </info>
</ceml>