<?xml version="1.0" encoding="UTF-8" standalone="no"?>
<ceml>
    <cem name="Aggregate" kind="component">
        <key code="Aggregate_KEY_CODE"></key>
        <data type="CodableConcept"></data>
        <constraint path="data.codableConcept.strength" value="CWE"></constraint>
        <constraint path="data.codableConcept.valueset" value="Aggregate_VALUESET_CODE"></constraint>
    </cem>
    <info>
        <definition>Aggregate is a CEM model used to capture what was originally sent from an application. Represents the whole model instance-the values of 
all the components, etc.</definition>
    </info>
</ceml>