<?xml version="1.0" encoding="UTF-8" standalone="no"?>
<ceml>
    <cem name="AirbagDeployed" kind="component">
        <key code="AirbagDeployed_KEY_CODE"></key>
        <data type="CodableConcept"></data>
        <constraint path="data.codableConcept.strength" value="CWE"></constraint>
        <constraint path="data.codableConcept.valueset" value="YesNoUnknown_VALUESET_CODE"></constraint>
    </cem>
    <info>
        <definition>AirbagDeployed records whether air bags were activated during a motor vehicle crash.</definition>
    </info>
</ceml>