<?xml version="1.0" encoding="UTF-8" standalone="no"?>
<ceml>
    <cem name="AirwayInterfaceType" kind="component">
        <key code="AirwayInterfaceType_KEY_CODE"></key>
        <data type="CodableConcept"></data>
        <constraint path="data.codableConcept.strength" value="CWE"></constraint>
        <constraint path="data.codableConcept.valueset" value="AirwayInterfaceType_VALUESET_CODE"></constraint>
    </cem>
    <info>
        <definition>AirwayInterfaceType is a component model which identifies the type of airway interface that is 
used to provide supplemental respiratory gas to a subject. Examples of values include
nasal cannula, tracheal mask, natural airway, etc.</definition>
    </info>
</ceml>