<?xml version="1.0" encoding="UTF-8" standalone="no"?>
<ceml>
    <cem name="AirwayCircuitTemperatureSettingMeas" kind="statement">
        <key code="AirwayCircuitTemperatureSetting_KEY_CODE"></key>
        <data type="Quantity"></data>
        <mod type="Subject" id="subject" card="0-1"></mod>
        <att type="Observed" id="observed" card="0-1"></att>
        <att type="ReportedReceived" id="reportedReceived" card="0-1"></att>
        <att type="Verified" id="verified" card="0-1"></att>
        <constraint path="data.quantity.unit_valueset" value="TemperatureUnits_VALUESET_CODE"></constraint>
        <constraint path="data.quantity.unit_normal" value="DegreesCelsius_CODE"></constraint>
    </cem>
    <info>
        <definition>AirwayCircuitTemperatureSettingMeas model is a setting measurement model. A setting measurement model holds a "question" or a "test" in the key and holds a numeric value (PQ) answer in data for a value set on a machine by a user. 
In the AirwayCircuitTemperatureSettingMeas model, the question is "what is the temperature in the ventilator's airway circuit set at?" and the numeric answer will have a value experessed in degrees celsius. 
"Airway Circuit Temperature Setting" by definition means "setting of the temperature of the environment contained in the circuit connection tubing of a mechanical ventilator to an artificial gas source and patient".</definition>
    </info>
</ceml>