<?xml version="1.0" encoding="UTF-8" standalone="no"?>
<ceml>
    <cem name="AirwayPanel" kind="panel">
        <key code="AirwayPanel_KEY_CODE"></key>
        <item type="AirwayCareProc" id="airwayCareProc" card="0-1"></item>
        <item type="AirwayPatentAssert" id="airwayPatentAssert" card="0-1"></item>
        <item type="AirwaySecuredMethodEval" id="airwaySecuredMethodEval" card="0-1"></item>
        <item type="IntubationTubePanel" id="intubationTubePanel" card="0-1"></item>
        <item type="AirwayInterfaceTypeAssert" id="airwayInterfaceTypeAssert" card="1"></item>
        <mod type="Subject" id="subject" card="0-1"></mod>
        <att type="Observed" id="observed" card="0-1"></att>
        <att type="ReportedReceived" id="reportedReceived" card="0-1"></att>
        <att type="Verified" id="verified" card="0-1"></att>
    </cem>
    <info>
        <definition>AirwayPanel is a panel of items which pertain to the specifics of an airway such as type of airway, size, care performed, etc.</definition>
    </info>
</ceml>