<?xml version="1.0" encoding="UTF-8" standalone="no"?>
<ceml>
    <cem name="AirwayCircuitTemperatureMeas" kind="statement">
        <key code="AirwayCircuitTemperature_KEY_CODE"></key>
        <data type="Quantity"></data>
        <qual type="MethodDevice" id="methodDevice" card="0-1"></qual>
        <mod type="Subject" id="subject" card="0-1"></mod>
        <att type="Observed" id="observed" card="0-1"></att>
        <att type="ReportedReceived" id="reportedReceived" card="0-1"></att>
        <att type="Verified" id="verified" card="0-1"></att>
        <constraint path="methodDevice.data.codableConcept.valueset" value="VentilatorMethodDevice_VALUESET_CODE"></constraint>
        <constraint path="data.quantity.unit_valueset" value="TemperatureUnits_VALUESET_CODE"></constraint>
        <constraint path="data.quantity.unit_normal" value="DegreesCelsius_CODE"></constraint>
    </cem>
    <info>
        <definition>AirwayCircuitTemperatureMeas model is a measurement model. A measurement model holds a "question" or a "test" in the key and holds a numeric value (PQ) answer in data. For example, in the HeartRateMeas model, the "question" or the "test" is "What is the heart rate measurement?", and the "answer" in data can be "100 bpm".
In the AirwayCircuitTemperatureMeas model, the question is "what is the temperature in the ventilator's airway circuit'?" and the numeric answer will have a value experessed in degrees celsius. 
"Airway Circuit Temperature" by definition means "the temperature of the environment contained in the circuit connection tubing of a mechanical ventilator to an artificial gas source and patient".</definition>
    </info>
</ceml>