<?xml version="1.0" encoding="UTF-8" standalone="no"?>
<ceml>
    <cem name="AirwayLavagePanel" kind="panel">
        <key code="AirwayLavagePanel_KEY_CODE"></key>
        <item type="AirwayLavageProc" id="airwayLavageProc" card="1"></item>
        <item type="AirwayLavageAmountMeas" id="airwayLavageAmountMeas" card="0-1"></item>
        <item type="SputumAmountMeas" id="sputumAmountMeas" card="0-1"></item>
        <item type="SputumQuantityDescriptionEval" id="sputumQuantityDescriptionEval" card="0-1"></item>
        <item type="SuctionCatheterTypeEval" id="suctionCatheterTypeEval" card="0-1"></item>
        <item type="SecretionsSputumDescriptionEval" id="secretionsSputumDescriptionEval" card="0-1"></item>
        <item type="AirwayInterfaceTypeAssert" id="airwayInterfaceTypeAssert" card="0-1"></item>
        <qual type="SuctionCatheterSize" id="suctionCatheterSize" card="0-1"></qual>
        <mod type="Subject" id="subject" card="0-1"></mod>
        <att type="Observed" id="observed" card="0-1"></att>
        <att type="ReportedReceived" id="reportedReceived" card="0-1"></att>
        <att type="Verified" id="verified" card="0-1"></att>
    </cem>
    <info>
        <definition>AirwayLavagePanel is a panel of items which pertain to the performance of suctioning either a natural 
or artificial airway to remove excess secretions when a patient cannot manage this on their own, or 
to obtain a sputum sample for testing.</definition>
    </info>
</ceml>