<?xml version="1.0" encoding="UTF-8" standalone="no"?>
<ceml>
    <cem name="AirwayLavageAmountMeas" kind="statement">
        <key code="AirwayLavageAmount_KEY_CODE"></key>
        <data type="Quantity"></data>
        <qual type="RouteMethodDevice" id="routeMethodDevice" card="0-1"></qual>
        <qual type="RelativeTemporalContext" id="relativeTemporalContext" card="0-1"></qual>
        <mod type="Subject" id="subject" card="0-1"></mod>
        <att type="Observed" id="observed" card="0-1"></att>
        <att type="ReportedReceived" id="reportedReceived" card="0-1"></att>
        <att type="Verified" id="verified" card="0-1"></att>
        <constraint path="data.quantity.unit_valueset" value="VolumeUnits_VALUESET_CODE"></constraint>
        <constraint path="data.quantity.unit_normal" value="Milliliters_CODE"></constraint>
        <constraint path="routeMethodDevice.data.codableConcept.valueset" value="AirwayInterfaceType_VALUESET_CODE"></constraint>
    </cem>
    <info>
        <definition>AirwayLavageAmountMeas model is a measurement model. A measurement model holds a "question" or a "test" in the key and holds a numeric value (PQ) answer in data. For example, in the HeartRateMeas model, the "question" or the "test" is "What is the heart rate measurement?", and the "answer" in data can be "100 bpm".
In the AirwayLavageAmountMeas model, the question is "How much saline was instilled in a subject's airway'?" and the numeric answer will have a value expressed in milliliters. 
"AirwayLavageAmount" by definition means "the amount of normal saline used in irrigation/lavage for airway care".</definition>
    </info>
</ceml>