<?xml version="1.0" encoding="UTF-8" standalone="no"?>
<ceml>
    <cem name="AirwaySecuredMethodEval" kind="statement">
        <key code="AirwaySecuredMethod_KEY_CODE"></key>
        <data type="CodableConcept"></data>
        <qual type="RouteMethodDevice" id="routeMethodDevice" card="0-1"></qual>
        <qual type="BodyLocation" id="bodyLocation" card="0-1"></qual>
        <qual type="BodyPosition" id="bodyPosition" card="0-1"></qual>
        <qual type="Aggregate" id="aggregate" card="0-1"></qual>
        <qual type="RelativeTemporalContext" id="relativeTemporalContext" card="0-M"></qual>
        <qual type="PatientPrecondition" id="patientPrecondition" card="0-M"></qual>
        <att type="Observed" id="observed" card="0-1"></att>
        <att type="ReportedReceived" id="reportedReceived" card="0-1"></att>
        <att type="Verified" id="verified" card="0-1"></att>
        <constraint path="data.codableConcept.strength" value="CWE"></constraint>
        <constraint path="data.codableConcept.valueset" value="TubeSecuredMethod_VALUESET_CODE"></constraint>
        <constraint path="routeMethodDevice.data.codableConcept.valueset" value="AirwayInterfaceType_VALUESET_CODE"></constraint>
    </cem>
    <info>
        <definition>AirwaySecuredMethodEval model is an evaluation model. An evaluation model holds a "question" in the key and holds a coded value (CD or CO) answer in data. For example, in the HairColorEval model, the "question" is "What is the hair color evaluation?", and the "answer" in data can be "White".
In the  AirwaySecuredMethodEval model, the question is "How is the subject's artificial airway secured'?" and the coded answers can be 'adhesive tape',trach twill tape'.</definition>
    </info>
</ceml>