<?xml version="1.0" encoding="UTF-8" standalone="no"?>
<ceml>
    <cem name="AirwayPatentAssert" kind="statement" base="ClinicalAssert">
        <qual type="RouteMethodDevice" id="routeMethodDevice" card="0-1"></qual>
        <qual type="RelativeTemporalContext" id="relativeTemporalContext" card="0-M"></qual>
        <qual type="AssociatedSignAndSymptom" id="associatedSignAndSymptom" card="0-M"></qual>
        <constraint path="data.codableConcept.code" value="AirwayPatent_CODE"></constraint>
        <constraint path="routeMethodDevice.data.codableConcept.valueset" value="AirwayInterfaceType_VALUESET_CODE"></constraint>
    </cem>
    <info>
        <definition>AirwayPatencyAssert is an assertion model. In an assertion model, the key is set to "Assertion_KEY_ECID", and data is the condition being asserted. 
For example, the AbdominalTendernessAssert model has a key of "Assertion_KEY_ECID" and a data of "AbdominalTenderness_ECID".
In the AirwayPatencyAssert model, data is AirwayPatency_ECID which means a subject's airway is blocked or open.</definition>
    </info>
</ceml>