<?xml version="1.0" encoding="UTF-8" standalone="no"?>
<ceml>
    <cem name="AirwayCareProc" kind="statement">
        <key code="Procedure_KEY_CODE"></key>
        <data type="CodableConcept"></data>
        <qual type="RouteMethodDevice" id="routeMethodDevice" card="0-1"></qual>
        <qual type="BodyLocationPrecoord" id="bodyLocationPrecoord" card="0-1"></qual>
        <qual type="PatientResponse" id="patientResponse" card="0-1"></qual>
        <qual type="RelativeTemporalContext" id="relativeTemporalContext" card="0-M"></qual>
        <qual type="Aggregate" id="aggregate" card="0-1"></qual>
        <qual type="StartTime" id="startTime" card="0-1"></qual>
        <qual type="EndTime" id="endTime" card="0-1"></qual>
        <qual type="Duration" id="duration" card="0-1"></qual>
        <mod type="Subject" id="subject" card="0-1"></mod>
        <mod type="NegationInd" id="negationInd" card="0-1"></mod>
        <att type="Observed" id="observed" card="0-1"></att>
        <att type="Performed" id="performed" card="0-M"></att>
        <att type="ReportedReceived" id="reportedReceived" card="0-1"></att>
        <att type="Verified" id="verified" card="0-1"></att>
        <constraint path="data.codableConcept.strength" value="CWE"></constraint>
        <constraint path="data.codableConcept.code" value="AirwayCare_CODE"></constraint>
        <constraint path="routeMethodDevice.data.codableConcept.valueset" value="AirwayInterfaceType_VALUESET_CODE"></constraint>
    </cem>
    <info>
        <definition>AirwayCareProc model is a procedure model. In a procedure model the key code is Procedure_KEY_ECID and data describes the procedure being performed.
In the AirwayCareProc model data is AirwayCare_ECID which captures information surrounding an airway care procedure which means performing routine hygiene of the airway, either natural or artificial.</definition>
    </info>
</ceml>