<?xml version="1.0" encoding="UTF-8" standalone="no"?>
<ceml>
    <cem name="AlanineSCncPtSerPlasQnLabObs" kind="statement" base="StandardLabObsQuantitative">
        <key code="AlanineSCncPtSerPlasQn_KEY_CODE"></key>
        <constraint path="data.quantity.unit_valueset" value="SubstanceConcentrationUnits_VALUESET_CODE"></constraint>
        <constraint path="data.quantity.unit_normal" value="MicromolesPerLiter_CODE"></constraint>
    </cem>
    <info>
        <definition>AlanineSCncPtSerPlasQnLabObs is the Clinical Element Model for standard laboratory test results/observations numeric results. LOINC Code: 20636-7.</definition>
    </info>
</ceml>