<?xml version="1.0" encoding="UTF-8" standalone="no"?>
<ceml>
    <cem name="AlbuminCreatinineMCrtoPtUrineQnDetectionLimit20MgLLabObs" kind="statement" base="StandardLabObsQuantitative">
        <key code="AlbuminCreatinineMCrtoPtUrineQnDetectionLimit20MgL_KEY_CODE"></key>
        <constraint path="data.quantity.unit_valueset" value="MassRatioOrMassFractionOrMassContentUnits_VALUESET_CODE"></constraint>
        <constraint path="data.quantity.unit_normal" value="MicrogramsPerMilligramCreatinine_CODE"></constraint>
    </cem>
    <info>
        <definition>AlbuminCreatinineMCrtoPtUrineQnDetectionLimit20MgLLabObs is a Clinical Element Model for ratio of micro-Albumin
to Creatinine in urine.
LOINC number: 14959-1</definition>
    </info>
</ceml>