<?xml version="1.0" encoding="UTF-8" standalone="no"?>
<ceml>
    <cem name="AlbuminMRat24HUrineQnDetectionLimit20MgLLabObs" kind="statement" base="StandardLabObsQuantitative">
        <key code="AlbuminMRat24HUrineQnDetectionLimit20MgL_KEY_CODE"></key>
        <constraint path="data.quantity.unit_valueset" value="MassRateUnits_VALUESET_CODE"></constraint>
        <constraint path="data.quantity.unit_normal" value="MicrogramsPerMinute_CODE"></constraint>
    </cem>
    <info>
        <definition>AlbuminMRat24HUrineQnDetectionLimit20MgLLabObs is the Clinical Element Model for standard laboratory test results/observations numeric results. LOINC Code: 14956-7.</definition>
    </info>
</ceml>