<?xml version="1.0" encoding="UTF-8" standalone="no"?>
<ceml>
    <cem name="AlbuminMRat24HUrineQnLabObs" kind="statement" base="StandardLabObsQuantitative">
        <key code="AlbuminMRat24HUrineQn_KEY_CODE"></key>
        <constraint path="data.quantity.unit_valueset" value="MassRateUnits_VALUESET_CODE"></constraint>
        <constraint path="data.quantity.unit_normal" value="MilligramsPerDay_CODE"></constraint>
    </cem>
    <info>
        <definition>AlbuminMRat24HUrineQnLabObs is the Clinical Element Model for standard laboratory test results/observations numeric results. LOINC Code: 1755-8.</definition>
    </info>
</ceml>