<?xml version="1.0" encoding="UTF-8" standalone="no"?>
<ceml>
    <cem name="AlbuminCreatinineMCrtoPtUrineQnLabObs" kind="statement" base="StandardLabObsQuantitative">
        <key code="AlbuminCreatinineMCrtoPtUrineQn_KEY_CODE"></key>
        <constraint path="data.quantity.unit_valueset" value="MassRatioOrMassFractionOrMassContentUnits_VALUESET_CODE"></constraint>
        <constraint path="data.quantity.unit_normal" value="MilligramsPerGramCreatinine_CODE"></constraint>
    </cem>
    <info>
        <definition>AlbuminCreatinineMCrtoPtUrineQnLabObs is the Clinical Element model for the quantification of albumin
 to total creatinine in urine.
 LOINC code: 9318-7</definition>
    </info>
</ceml>