<?xml version="1.0" encoding="UTF-8" standalone="no"?>
<ceml>
    <cem name="AlbuminMCncPtUrineQnDetectionLimit20MgLLabObs" kind="statement" base="StandardLabObsQuantitative">
        <key code="AlbuminMCncPtUrineQnDetectionLimit20MgL_KEY_CODE"></key>
        <constraint path="data.quantity.unit_valueset" value="MassConcentrationUnits_VALUESET_CODE"></constraint>
        <constraint path="data.quantity.unit_normal" value="MilligramsPerLiter_CODE"></constraint>
    </cem>
    <info>
        <definition>AlbuminMCncPtUrineQnDetectionLimit20MgLLabObs is a Clinical Element Model for the quantification of 
micro-Albumin in urine.
LOINC number: 14957-5</definition>
    </info>
</ceml>