<?xml version="1.0" encoding="UTF-8" standalone="no"?>
<ceml>
    <cem name="AlbuminMCncPtBodyFldQnLabObs" kind="statement" base="StandardLabObsQuantitative">
        <key code="AlbuminMCncPtBodyFldQn_KEY_CODE"></key>
        <constraint path="data.quantity.unit_valueset" value="MassConcentrationUnits_VALUESET_CODE"></constraint>
        <constraint path="data.quantity.unit_normal" value="GramsPerDeciliter_CODE"></constraint>
    </cem>
    <info>
        <definition>AlbuminMCncPtBodyFldQnLabObs is the Clinical Element Model for standard laboratory test results/observations numeric results. LOINC Code: 1747-5.</definition>
    </info>
</ceml>