<?xml version="1.0" encoding="UTF-8" standalone="no"?>
<ceml>
    <cem name="AlcoholUseStatusEval" kind="statement">
        <key code="AlcoholUseStatus_KEY_CODE"></key>
        <data type="CodableConcept"></data>
        <qual type="DeltaFlag" id="deltaFlag" card="0-1"></qual>
        <qual type="Aggregate" id="aggregate" card="0-1"></qual>
        <qual type="RelativeTemporalContext" id="relativeTemporalContext" card="0-M"></qual>
        <qual type="PatientPrecondition" id="patientPrecondition" card="0-M"></qual>
        <mod type="Subject" id="subject" card="0-1"></mod>
        <att type="Observed" id="observed" card="0-1"></att>
        <att type="ReportedReceived" id="reportedReceived" card="0-1"></att>
        <att type="Verified" id="verified" card="0-1"></att>
        <constraint path="data.codableConcept.strength" value="CNE"></constraint>
        <constraint path="data.codableConcept.valueset" value="AlcoholUse_VALUESET_CODE"></constraint>
        <constraint path="deltaFlag.data.codableConcept.valueset" value="DeltaFlagNumericNom_VALUESET_CODE"></constraint>
    </cem>
    <info>
        <definition>AlcoholUseStatusEval model is an evaluation model. An evaluation model holds a "question" in the key and holds a coded value (CD or CO) answer in data. For example, in the HairColorEval model, the "question" is "What is the hair color evaluation?", and the "answer" in data can be "White".
In the AlcoholUseStatusEval model, the question is "What is the status of a subject's use of alcohol?" and the coded answers can be 'never used alcohol', etc.</definition>
    </info>
</ceml>