<?xml version="1.0" encoding="UTF-8" standalone="no"?>
<ceml>
    <cem name="AldosteroneMRat24HUrineQnLabObs" kind="statement" base="StandardLabObsQuantitative">
        <key code="AldosteroneMRat24HUrineQn_KEY_CODE"></key>
        <constraint path="data.quantity.unit_valueset" value="MassRateUnits_VALUESET_CODE"></constraint>
        <constraint path="data.quantity.unit_normal" value="MicrogramsPerDay_CODE"></constraint>
    </cem>
    <info>
        <definition>AldosteroneMRat24HUrineQnLabObs is the Clinical Element Model for standard laboratory test results/observations numeric results. LOINC Code: 1765-7.</definition>
    </info>
</ceml>