<?xml version="1.0" encoding="UTF-8" standalone="no"?>
<ceml>
    <cem name="AlertSeverity" kind="component">
        <key code="AlertSeverity_KEY_CODE"></key>
        <data type="CodableConcept"></data>
        <constraint path="data.codableConcept.strength" value="CNE"></constraint>
        <constraint path="data.codableConcept.valueset" value="AlertSeverity_VALUESET_CODE"></constraint>
    </cem>
    <info>
        <definition>&lt;&lt;&lt;&lt;&lt;&lt;&lt; .mine
This is the AlertSeverity CEM. It is only for information purposes.  It provides information about
the level of severity, such as high, medium, low. It should not be confused with severityIndex that determines routing for this alert.</definition>
    </info>
</ceml>