<?xml version="1.0" encoding="UTF-8" standalone="no"?>
<ceml>
    <cem name="AlertDestination" kind="component">
        <key code="AlertDestination_KEY_CODE"></key>
        <item type="DestinationType" id="destinationType" card="1"></item>
        <item type="SpecificDestination" id="specificDestination" card="0-1"></item>
        <item type="DestinationStatus" id="destinationStatus" card="0-1"></item>
        <item type="DeliveryMethod" id="deliveryMethod" card="0-M"></item>
    </cem>
    <info>
        <definition>AlertDestination indicates to whom, where, how, and when an alert is sent 
(e.g., John Smith, pager). AlertDestination can be categorized into two kinds: 
1) General destination (destinationType).
General destination has values such as ordering physician, calling program, specific user, attending physician, 
attending nurse, bedside nurse, bedside terminal, department, nursing division, tracking board, printer nearest 
patient, specific printer, alert table, patient CDR, JMS queue, table, process. 
2) Specific destination (specific instances), which is string. In the case where the 
alert is stored in CDR, specific destination is not required and its cardality can be 0. For the same reason, 
no deliverymethod is needed when it is stored in CDR.</definition>
    </info>
</ceml>