<?xml version="1.0" encoding="UTF-8" standalone="no"?>
<ceml>
    <cem name="AlertMessage" kind="component">
        <key code="AlertMessage_KEY_CODE"></key>
        <data type="CodableConcept"></data>
        <qual type="MessageAssociatedInfoProperty" id="messageAssociatedInfoProperty" card="0-M"></qual>
        <constraint path="data.codableConcept.valueset" value="AlertMessageCode_VALUESET_CODE"></constraint>
    </cem>
    <info>
        <definition>AlertMessage refers to the messages sent as a result of the alert. Message type always has the value 
of "Message," and the key has the concept that defines the message meaning. For example, Glucose Protocol 
alert has GlucoseProtocolAlert_KEY_ECID in Alert key, but will have IncreaseInsulin_KEY_ECID in the message key. 
Alert has CE type of "Alert" and Message has CE type of "Message."</definition>
    </info>
</ceml>