<?xml version="1.0" encoding="UTF-8" standalone="no"?>
<ceml>
    <cem name="AlertLogicalModuleId" kind="component">
        <key code="AlertLogicalModuleId_KEY_CODE"></key>
        <data type="CodableConcept"></data>
        <constraint path="data.codableConcept.strength" value="CNE"></constraint>
        <constraint path="data.codableConcept.valueset" value="AlertLogicalModuleId_VALUESET_CODE"></constraint>
    </cem>
    <info>
        <definition>AlertLogicalModuleId applies an identifier to how an alert was processed and handled once generated.  It usually identifies
	a rule or alert protocol that was used on the alert itself.</definition>
    </info>
</ceml>