<?xml version="1.0" encoding="UTF-8" standalone="no"?>
<ceml>
    <cem name="AlertTriggerLink" kind="link">
        <key code="AlertTriggerLink_KEY_CODE"></key>
        <item type="Alert" id="alert" card="1"></item>
        <item type="TriggerData" id="triggerData" card="1"></item>
        <constraint path="alert.role.data.codableConcept.code" value="IsTriggeredBy_CODE"></constraint>
        <constraint path="triggerData.role.data.codableConcept.code" value="Trigger_CODE"></constraint>
    </cem>
    <info>
        <definition>AlertTriggerLink is an association created between the Alert message and the information, in this case lab data, that generated the alert.</definition>
    </info>
</ceml>