<?xml version="1.0" encoding="UTF-8" standalone="no"?>
<ceml>
    <cem name="AlertStatus" kind="component">
        <key code="AlertStatus_KEY_CODE"></key>
        <data type="CodableConcept"></data>
        <constraint path="data.codableConcept.strength" value="CNE"></constraint>
        <constraint path="data.codableConcept.valueset" value="AlertStatus_VALUESET_CODE"></constraint>
    </cem>
    <info>
        <definition>AlertStatus captures the state of alert, featuring the possible values as new, acknowledged, reviewed, active, obsoleted, etc.
			The history of the statuses are kept in StatusTracking instances. This is the overall status for the alert, and each destination delivery will have its own status (i.e., whether it is acknowledged or not).</definition>
    </info>
</ceml>