<?xml version="1.0" encoding="UTF-8" standalone="no"?>
<ceml>
    <cem name="AlertProbability" kind="component">
        <key code="AlertProbability_KEY_CODE"></key>
        <data type="Decimal"></data>
    </cem>
    <info>
        <definition>AlertProbability suggests the likelihood of an alert being true. 
The data value is in the format of a percentile. This models applies to instance alert.  For example, 
this particular glucose alert for this patient has a probability of 70 percent being true.</definition>
    </info>
</ceml>