<?xml version="1.0" encoding="UTF-8" standalone="no"?>
<ceml>
    <cem name="AllergyIntolerance" kind="statement" base="PrescribingGuidance">
        <key code="AllergyIntolerance_KEY_CODE"></key>
        <item type="Substance" id="substance" card="1"></item>
        <item type="SubstanceCategory" id="substanceCategory" card="1"></item>
        <item type="ReactionToSubstance" id="reactionToSubstance" card="0-M"></item>
        <item type="Ingredient" id="ingredient" card="0-M"></item>
        <qual type="AllergyIntoleranceType" id="allergyIntoleranceType" card="1"></qual>
        <qual type="DateOfLastOccurrence" id="dateOfLastOccurrence" card="0-1"></qual>
        <qual type="DateOfResolution" id="dateOfResolution" card="0-1"></qual>
        <qual type="PatientInformedInd" id="patientInformedInd" card="0-1"></qual>
        <qual type="CauseOfDeathInd" id="causeOfDeathInd" card="0-1"></qual>
        <qual type="DoseQuantity" id="doseQuantity" card="0-1"></qual>
        <qual type="DoseFrequency" id="doseFrequency" card="0-1"></qual>
        <qual type="RouteMethodDevice" id="routeMethodDevice" card="0-1"></qual>
        <qual type="DoseForm" id="doseForm" card="0-1"></qual>
        <mod type="NegationInd" id="negationInd" card="0-1"></mod>
    </cem>
    <info>
        <definition>AllergyIntolerance is for documenting allergies and intolerances. Intolerance and FailedTherapy will have a different model. Use AllergySummaryPanel to document negation.</definition>
    </info>
</ceml>