<?xml version="1.0" encoding="UTF-8" standalone="no"?>
<ceml>
    <cem name="Allergy" kind="statement" base="PrescribingGuidance">
        <key code="Allergy_KEY_CODE"></key>
        <item type="Substance" id="substance" card="1"></item>
        <item type="SubstanceCategory" id="substanceCategory" card="1"></item>
        <item type="ReactionToSubstance" id="reactionToSubstance" card="0-M"></item>
        <item type="Ingredient" id="ingredient" card="0-M"></item>
        <qual type="DateOfLastOccurrence" id="dateOfLastOccurrence" card="0-1"></qual>
        <qual type="DateOfResolution" id="dateOfResolution" card="0-1"></qual>
        <qual type="PatientInformedInd" id="patientInformedInd" card="0-1"></qual>
        <qual type="CauseOfDeathInd" id="causeOfDeathInd" card="0-1"></qual>
        <mod type="NegationInd" id="negationInd" card="0-1"></mod>
    </cem>
    <info>
        <definition>Allergy is for documenting true allergies. Intolerance and FailedTherapy will have a different model. Use AllergySummaryPanel to document negation.</definition>
    </info>
</ceml>