<?xml version="1.0" encoding="UTF-8" standalone="no"?>
<ceml>
    <cem name="AllergyIntoleranceType" kind="component">
        <key code="AllergyIntoleranceType_KEY_CODE"></key>
        <data type="CodableConcept"></data>
        <constraint path="data.codableConcept.valueset" value="AllergyIntoleranceType_VALUESET_CODE"></constraint>
    </cem>
    <info>
        <definition>AllergyIntoleranceType is for documenting the type of AllergyIntolerance. It is used to state whether the instance is an allergy
or an intolerance. Allergies require the presence of IgE as a reaction to a substance, while intolerance indicates
a reaction to that substance, but not IgE presence.</definition>
    </info>
</ceml>