<?xml version="1.0" encoding="UTF-8" standalone="no"?>
<ceml>
    <cem name="AlleviatingFactor" kind="component">
        <key code="AlleviatingFactor_KEY_CODE"></key>
        <data type="CodableConcept"></data>
        <constraint path="data.codableConcept.strength" value="CWE"></constraint>
        <constraint path="data.codableConcept.valueset" value="AlleviatingFactor_VALUESET_CODE"></constraint>
    </cem>
    <info>
        <definition>AlleviatingFactor this CEM model captures the action or intervention which makes a symptom less prevalent. 
Examples of data from the value set may include: rest, heat, ice, etc.</definition>
    </info>
</ceml>