<?xml version="1.0" encoding="UTF-8" standalone="no"?>
<ceml>
    <cem name="AlloisoleucineSCncPtSerPlasQnLabObs" kind="statement" base="StandardLabObsQuantitative">
        <key code="AlloisoleucineSCncPtSerPlasQn_KEY_CODE"></key>
        <constraint path="data.quantity.unit_valueset" value="SubstanceConcentrationUnits_VALUESET_CODE"></constraint>
        <constraint path="data.quantity.unit_normal" value="MicromolesPerLiter_CODE"></constraint>
    </cem>
    <info>
        <definition>AlloisoleucineSCncPtSerPlasQnLabObs is the Clinical Element Model for standard laboratory test results/observations numeric results. LOINC Code: 22670-4.</definition>
    </info>
</ceml>