<?xml version="1.0" encoding="UTF-8" standalone="no"?>
<ceml>
    <cem name="AlopeciaAssert" kind="statement" base="ClinicalAssert">
        <qual type="AlleviatingFactor" id="alleviatingFactor" card="0-M"></qual>
        <qual type="ExacerbatingFactor" id="exacerbatingFactor" card="0-M"></qual>
        <qual type="Periodicity" id="periodicity" card="0-M"></qual>
        <qual type="Course" id="course" card="0-1"></qual>
        <qual type="Severity" id="severity" card="0-1"></qual>
        <qual type="DateOfResolution" id="dateOfResolution" card="0-1"></qual>
        <qual type="RelativeTemporalContext" id="relativeTemporalContext" card="0-M"></qual>
        <qual type="AssociatedSignAndSymptom" id="associatedSignAndSymptom" card="0-M"></qual>
        <constraint path="data.codableConcept.code" value="Alopecia_CODE"></constraint>
    </cem>
    <info>
        <definition>AlopeciaAssert is an assertion model, the key is fixed to assertion and the data indicates the subject has 
alopecia:a form of hair loss where hair is normally present.</definition>
    </info>
</ceml>