<?xml version="1.0" encoding="UTF-8" standalone="no"?>
<ceml>
    <cem name="Alpha1AntitrypsinMCntPtStoolQnLabObs" kind="statement" base="StandardLabObsQuantitative">
        <key code="Alpha1AntitrypsinMCntPtStoolQn_KEY_CODE"></key>
        <constraint path="data.quantity.unit_valueset" value="MassRatioOrMassFractionOrMassContentUnits_VALUESET_CODE"></constraint>
        <constraint path="data.quantity.unit_normal" value="MilligramsPerGram_CODE"></constraint>
    </cem>
    <info>
        <definition>Alpha1AntitrypsinMCntPtStoolQnLabObs is the Clinical Element Model for standard laboratory test results/observations numeric results. LOINC Code: 25303-9.</definition>
    </info>
</ceml>