<?xml version="1.0" encoding="UTF-8" standalone="no"?>
<ceml>
    <cem name="AlphaMinus1MinusFetoproteinMCncPtSerPlasQnLabObs" kind="statement" base="StandardLabObsQuantitative">
        <key code="AlphaMinus1MinusFetoproteinMCncPtSerPlasQn_KEY_CODE"></key>
        <constraint path="data.quantity.unit_valueset" value="MassConcentrationUnits_VALUESET_CODE"></constraint>
        <constraint path="data.quantity.unit_normal" value="NanogramsPerMilliliter_CODE"></constraint>
    </cem>
    <info>
        <definition>AlphaMinus1MinusFetoproteinMCncPtSerPlasQnLabObs is the Clinical Element Model for standard laboratory test results/observations numeric results. LOINC Code: 1834-1.</definition>
    </info>
</ceml>