<?xml version="1.0" encoding="UTF-8" standalone="no"?>
<ceml>
    <cem name="Alpha1AntitrypsinMCncPtSerPlasQnLabObs" kind="statement" base="StandardLabObsQuantitative">
        <key code="Alpha1AntitrypsinMCncPtSerPlasQn_KEY_CODE"></key>
        <constraint path="data.quantity.unit_valueset" value="MassConcentrationUnits_VALUESET_CODE"></constraint>
        <constraint path="data.quantity.unit_normal" value="MilligramsPerDeciliter_CODE"></constraint>
    </cem>
    <info>
        <definition>Alpha1AntitrypsinMCncPtSerPlasQnLabObs is the Clinical Element Model for standard laboratory test results/observations numeric results. LOINC Code: 1825-9.</definition>
    </info>
</ceml>