<?xml version="1.0" encoding="UTF-8" standalone="no"?>
<ceml>
    <cem name="AlphaMinus1MinusFetoproteinMoMPtAmnioFldQnLabObs" kind="statement" base="StandardLabObsQuantitative">
        <key code="AlphaMinus1MinusFetoproteinMoMPtAmnioFldQn_KEY_CODE"></key>
        <constraint path="data.quantity.unit_valueset" value="MeasuredEntityNonUnits_VALUESET_CODE"></constraint>
        <constraint path="data.quantity.unit_normal" value="Ratio_CODE"></constraint>
    </cem>
    <info>
        <definition>AlphaMinus1MinusFetoproteinMoMPtAmnioFldQnLabObs is the Clinical Element Model for standard laboratory test results/observations numeric results. LOINC Code: 29595-6.</definition>
    </info>
</ceml>