<?xml version="1.0" encoding="UTF-8" standalone="no"?>
<ceml>
    <cem name="Alpha1GlobulinACnc24HUrineOrdElectrophoresisLabObs" kind="statement" base="StandardLabObsOrdinal">
        <key code="Alpha1GlobulinACnc24HUrineOrdElectrophoresis_KEY_CODE"></key>
    </cem>
    <info>
        <definition>Alpha1GlobulinACnc24HUrineOrdElectrophoresisLabObs is the Clinical Element Model for standard laboratory test results/observations ordinal results. LOINC Code: 29945-3.</definition>
    </info>
</ceml>