<?xml version="1.0" encoding="UTF-8" standalone="no"?>
<ceml>
    <cem name="AlphaMelanocyteStimulatingHormoneMCncPtSerPlasQnLabObs" kind="statement" base="StandardLabObsQuantitative">
        <key code="AlphaMelanocyteStimulatingHormoneMCncPtSerPlasQn_KEY_CODE"></key>
        <constraint path="data.quantity.unit_valueset" value="MassConcentrationUnits_VALUESET_CODE"></constraint>
        <constraint path="data.quantity.unit_normal" value="PicogramsPerMilliliter_CODE"></constraint>
    </cem>
    <info>
        <definition>AlphaMelanocyteStimulatingHormoneMCncPtSerPlasQnLabObs is the Clinical Element Model for standard laboratory test results/observations numeric results. LOINC Code: 1820-0.</definition>
    </info>
</ceml>