<?xml version="1.0" encoding="UTF-8" standalone="no"?>
<ceml>
    <cem name="AlphaKetoglutarateCreatinineScRtoPtUrineQnLabObs" kind="statement" base="StandardLabObsQuantitative">
        <key code="AlphaKetoglutarateCreatinineScRtoPtUrineQn_KEY_CODE"></key>
        <constraint path="data.quantity.unit_valueset" value="UnitsOfMeasure_VALUESET_CODE"></constraint>
    </cem>
    <info>
        <definition>AlphaKetoglutarateCreatinineScRtoPtUrineQnLabObs is the Clinical Element Model for standard laboratory test results/observations numeric results. LOINC Code: 29507-1.</definition>
    </info>
</ceml>