<?xml version="1.0" encoding="UTF-8" standalone="no"?>
<ceml>
    <cem name="Alpha2GlobulinACnc24HUrineOrdElectrophoresisLabObs" kind="statement" base="StandardLabObsOrdinal">
        <key code="Alpha2GlobulinACnc24HUrineOrdElectrophoresis_KEY_CODE"></key>
    </cem>
    <info>
        <definition>Alpha2GlobulinACnc24HUrineOrdElectrophoresisLabObs is the Clinical Element Model for standard laboratory test results/observations ordinal results. LOINC Code: 29947-9.</definition>
    </info>
</ceml>