<?xml version="1.0" encoding="UTF-8" standalone="no"?>
<ceml>
    <cem name="AlphaMinus2MinusMacroglobulinMCncPtXXXQnLabObs" kind="statement" base="StandardLabObsQuantitative">
        <key code="AlphaMinus2MinusMacroglobulinMCncPtXXXQn_KEY_CODE"></key>
        <constraint path="data.quantity.unit_valueset" value="MassConcentrationUnits_VALUESET_CODE"></constraint>
        <constraint path="data.quantity.unit_normal" value="MilligramsPerDeciliter_CODE"></constraint>
    </cem>
    <info>
        <definition>AlphaMinus2MinusMacroglobulinMCncPtXXXQnLabObs is the Clinical Element Model for standard laboratory test results/observations numeric results. LOINC Code: 29944-6.</definition>
    </info>
</ceml>