<?xml version="1.0" encoding="UTF-8" standalone="no"?>
<ceml>
    <cem name="AlphaGlucosidaseCCntPtTSMIQnLabObs" kind="statement" base="StandardLabObsQuantitative">
        <key code="AlphaGlucosidaseCCntPtTSMIQn_KEY_CODE"></key>
        <constraint path="data.quantity.unit_valueset" value="SubstanceContentRateUnits_VALUESET_CODE"></constraint>
        <constraint path="data.quantity.unit_normal" value="MicromolesPerMinutePerGramProtein_CODE"></constraint>
    </cem>
    <info>
        <definition>AlphaGlucosidaseCCntPtTSMIQnLabObs is the Clinical Element Model for standard laboratory test results/observations numeric results. LOINC Code: 30315-6.</definition>
    </info>
</ceml>