<?xml version="1.0" encoding="UTF-8" standalone="no"?>
<ceml>
    <cem name="AlphaMinusPhenylMinus2MinusPiperidineAcetateMCncPtSerPlasQnLabObs" kind="statement" base="StandardLabObsQuantitative">
        <key code="AlphaMinusPhenylMinus2MinusPiperidineAcetateMCncPtSerPlasQn_KEY_CODE"></key>
        <constraint path="data.quantity.unit_valueset" value="MassConcentrationUnits_VALUESET_CODE"></constraint>
        <constraint path="data.quantity.unit_normal" value="NanogramsPerMilliliter_CODE"></constraint>
    </cem>
    <info>
        <definition>AlphaMinusPhenylMinus2MinusPiperidineAcetateMCncPtSerPlasQnLabObs is the Clinical Element Model for standard laboratory test results/observations numeric results. LOINC Code: 32153-9.</definition>
    </info>
</ceml>