<?xml version="1.0" encoding="UTF-8" standalone="no"?>
<ceml>
    <cem name="AlphaMinus1MinusFetoproteinInterpretationImpPtSerPlasNomLabObs" kind="statement" base="StandardLabObsCoded">
        <key code="AlphaMinus1MinusFetoproteinInterpretationImpPtSerPlasNom_KEY_CODE"></key>
    </cem>
    <info>
        <definition>AlphaMinus1MinusFetoproteinInterpretationImpPtSerPlasNomLabObs is the Clinical Element Model for standard laboratory test results/observations with coded results. LOINC Code: 41274-2</definition>
    </info>
</ceml>