<?xml version="1.0" encoding="UTF-8" standalone="no"?>
<ceml>
    <cem name="AlphaMinus1MinusMicroglobulinPlacentalACncPtVagOrdLabObs" kind="statement" base="StandardLabObsOrdinal">
        <key code="AlphaMinus1MinusMicroglobulinPlacentalACncPtVagOrd_KEY_CODE"></key>
    </cem>
    <info>
        <definition>AlphaMinus1MinusMicroglobulinPlacentalACncPtVagOrdLabObs is the Clinical Element Model for standard laboratory test results/observations ordinal results. LOINC Code: 50385-4.</definition>
    </info>
</ceml>