<?xml version="1.0" encoding="UTF-8" standalone="no"?>
<ceml>
    <cem name="Alpha2GlobulinProteinTotalMFrPtUrineQnElectrophoresisLabObs" kind="statement" base="StandardLabObsQuantitative">
        <key code="Alpha2GlobulinProteinTotalMFrPtUrineQnElectrophoresis_KEY_CODE"></key>
        <constraint path="data.quantity.unit_valueset" value="GeneralFractionUnits_VALUESET_CODE"></constraint>
        <constraint path="data.quantity.unit_normal" value="Percent_CODE"></constraint>
    </cem>
    <info>
        <definition>Alpha2GlobulinProteinTotalMFrPtUrineQnElectrophoresisLabObs is the Clinical Element Model for standard laboratory test results/observations numeric results. LOINC Code: 13993-1.</definition>
    </info>
</ceml>