<?xml version="1.0" encoding="UTF-8" standalone="no"?>
<ceml>
    <cem name="AlphaMinus1MinusFetoproteinInterpretationImpPtAmnioFldNomLabObs" kind="statement" base="StandardLabObsCoded">
        <key code="AlphaMinus1MinusFetoproteinInterpretationImpPtAmnioFldNom_KEY_CODE"></key>
    </cem>
    <info>
        <definition>AlphaMinus1MinusFetoproteinInterpretationImpPtAmnioFldNomLabObs is the Clinical Element Model for standard laboratory test results/observations with coded results. LOINC Code: 41273-4</definition>
    </info>
</ceml>