<?xml version="1.0" encoding="UTF-8" standalone="no"?>
<ceml>
    <cem name="AlphaMinus1MinusFetoproteinMCncPtAmnioFldQnLabObs" kind="statement" base="StandardLabObsQuantitative">
        <key code="AlphaMinus1MinusFetoproteinMCncPtAmnioFldQn_KEY_CODE"></key>
        <constraint path="data.quantity.unit_valueset" value="MassConcentrationUnits_VALUESET_CODE"></constraint>
        <constraint path="data.quantity.unit_normal" value="NanogramsPerMilliliter_CODE"></constraint>
    </cem>
    <info>
        <definition>AlphaMinus1MinusFetoproteinMCncPtAmnioFldQnLabObs is the Clinical Element Model for standard laboratory test results/observations numeric results. LOINC Code: 1832-5.</definition>
    </info>
</ceml>