<?xml version="1.0" encoding="UTF-8" standalone="no"?>
<ceml>
    <cem name="Alpha1GlobulinMCncPtSerPlasQnElectrophoresisLabObs" kind="statement" base="StandardLabObsQuantitative">
        <key code="Alpha1GlobulinMCncPtSerPlasQnElectrophoresis_KEY_CODE"></key>
        <constraint path="data.quantity.unit_valueset" value="MassConcentrationUnits_VALUESET_CODE"></constraint>
        <constraint path="data.quantity.unit_normal" value="GramsPerDeciliter_CODE"></constraint>
    </cem>
    <info>
        <definition>Alpha1GlobulinMCncPtSerPlasQnElectrophoresisLabObs is the Clinical Element Model for standard laboratory test results/observations numeric results. LOINC Code: 2865-4.</definition>
    </info>
</ceml>