<?xml version="1.0" encoding="UTF-8" standalone="no"?>
<ceml>
    <cem name="AlternateDiscreteStrength" kind="component">
        <key code="AlternateDiscreteStrength_KEY_CODE"></key>
        <data type="Quantity"></data>
        <constraint path="data.quantity.unit_valueset" value="MassUnits_VALUESET_CODE"></constraint>
    </cem>
    <info>
        <definition>AlternateDiscreteStrength captures only strength units for construction of a post coordinated unit.  
It is different than AggregateStrength in that it captures any alternate strength units of measure for the given ingredient.</definition>
    </info>
</ceml>