<?xml version="1.0" encoding="UTF-8" standalone="no"?>
<ceml>
    <cem name="AluminumMCncPtSerPlasQnLabObs" kind="statement" base="StandardLabObsQuantitative">
        <key code="AluminumMCncPtSerPlasQn_KEY_CODE"></key>
        <constraint path="data.quantity.unit_valueset" value="MassConcentrationUnits_VALUESET_CODE"></constraint>
        <constraint path="data.quantity.unit_normal" value="MicrogramsPerLiter_CODE"></constraint>
    </cem>
    <info>
        <definition>AluminumMCncPtSerPlasQnLabObs is the Clinical Element Model for standard laboratory test results/observations numeric results. LOINC Code: 5574-9.</definition>
    </info>
</ceml>