<?xml version="1.0" encoding="UTF-8" standalone="no"?>
<ceml>
    <cem name="AluminumCreatinineMCrto24HUrineQnLabObs" kind="statement" base="StandardLabObsQuantitative">
        <key code="AluminumCreatinineMCrto24HUrineQn_KEY_CODE"></key>
        <constraint path="data.quantity.unit_valueset" value="MassRatioOrMassFractionOrMassContentUnits_VALUESET_CODE"></constraint>
        <constraint path="data.quantity.unit_normal" value="MilligramsPerGramCreatinine_CODE"></constraint>
    </cem>
    <info>
        <definition>AluminumCreatinineMCrto24HUrineQnLabObs is the Clinical Element Model for standard laboratory test results/observations numeric results. LOINC Code: 29937-0.</definition>
    </info>
</ceml>