<?xml version="1.0" encoding="UTF-8" standalone="no"?>
<ceml>
    <cem name="AlveolarInfiltrateAssert" kind="statement" base="ClinicalAssert">
        <qual type="Periodicity" id="periodicity" card="0-M"></qual>
        <qual type="Course" id="course" card="0-1"></qual>
        <qual type="DateOfResolution" id="dateOfResolution" card="0-1"></qual>
        <qual type="AssociatedSignAndSymptom" id="associatedSignAndSymptom" card="0-M"></qual>
        <qual type="BodyLocationPrecoord" id="bodyLocationPrecoord" card="0-M"></qual>
        <att type="ImageTaken" id="imageTaken" card="0-1"></att>
        <constraint path="data.codableConcept.code" value="AlveolarInfiltrate_CODE"></constraint>
        <constraint path="bodyLocationPrecoord.data.codableConcept.valueset" value="PulmonaryBodyLocationPrecoord_VALUESET_CODE"></constraint>
    </cem>
    <info>
        <definition>AlveolarInfiltrateAssert is an assertion model. In an assertion model, the key is set to "Assertion_KEY_ECID", and data is the condition being asserted. 
For example, the AbdominalTendernessAssert model has a key of "Assertion_KEY_ECID" and a data of "AbdominalTenderness_ECID".
In the AlveolarInfiltratessert model, data is AlveolarInfiltrate_ECID which which reflects the presence of areas of the alveoli which are inflammed and/or fluid filled.</definition>
    </info>
</ceml>