<?xml version="1.0" encoding="UTF-8" standalone="no"?>
<ceml>
    <cem name="AmaLwotDispositionEval" kind="statement">
        <key code="AmaLwotDispositionEval_KEY_CODE"></key>
        <data type="CodableConcept"></data>
        <qual type="Aggregate" id="aggregate" card="0-1"></qual>
        <qual type="RelativeTemporalContext" id="relativeTemporalContext" card="0-M"></qual>
        <qual type="PatientPrecondition" id="patientPrecondition" card="0-M"></qual>
        <mod type="Subject" id="subject" card="0-1"></mod>
        <att type="Observed" id="observed" card="0-1"></att>
        <att type="ReportedReceived" id="reportedReceived" card="0-1"></att>
        <att type="Verified" id="verified" card="0-1"></att>
        <constraint path="data.codableConcept.strength" value="CWE"></constraint>
        <constraint path="data.codableConcept.valueset" value="AmaLwotDisposition_VALUESET_CODE"></constraint>
    </cem>
    <info>
        <definition>AWALwotDispositionEval model is an evaluation model. An evaluation model holds a "question" in the key and holds a coded value (CD or CO) answer in data. For example, in the HairColorEval model, the "question" is "What is the hair color evaluation?", and the "answer" in data can be "White".
In the AmaLwotDispositionEval model, the question is "what is the subject's disposition when they left AMA or LWOT?" and the coded answers can be 'Left Against Medical Advice','Elopement', etc.
"AmaLwotDisposition" by definition means "leaving a treatment facility either against medical advice" (AMA), or "leaving without treatment" (LWOT).</definition>
    </info>
</ceml>