<?xml version="1.0" encoding="UTF-8" standalone="no"?>
<ceml>
    <cem name="AmaLwotDispositionPanel" kind="panel">
        <key code="AmaLwotDispositionPanel_KEY_CODE"></key>
        <item type="AmaLwotDispositionEval" id="amaLwotDispositionEval" card="0-1"></item>
        <item type="ReasonForLeavingEval" id="reasonForLeavingEval" card="0-1"></item>
        <item type="RefusalOfTreatmentFormStatusEval" id="refusalOfTreatmentFormStatusEval" card="0-1"></item>
        <item type="PhysicianNotifiedEval" id="physicianNotifiedEval" card="0-1"></item>
        <mod type="Subject" id="subject" card="0-1"></mod>
        <att type="Observed" id="observed" card="0-1"></att>
        <att type="ReportedReceived" id="reportedReceived" card="0-1"></att>
        <att type="Verified" id="verified" card="0-1"></att>
    </cem>
    <info>
        <definition>AmaLwotDispositionPanel documents who appeared at the ED and left without treatment or who have left against medical advice.</definition>
    </info>
</ceml>