<?xml version="1.0" encoding="UTF-8" standalone="no"?>
<ceml>
    <cem name="AmbientTemperatureMeas" kind="statement">
        <key code="AmbientTemperature_KEY_CODE"></key>
        <data type="Quantity"></data>
        <qual type="RouteMethodDevice" id="routeMethodDevice" card="0-1"></qual>
        <qual type="RelativeTemporalContext" id="relativeTemporalContext" card="0-M"></qual>
        <mod type="Subject" id="subject" card="0-1"></mod>
        <att type="Observed" id="observed" card="0-1"></att>
        <att type="ReportedReceived" id="reportedReceived" card="0-1"></att>
        <att type="Verified" id="verified" card="0-1"></att>
        <constraint path="data.quantity.unit_valueset" value="TemperatureUnits_VALUESET_CODE"></constraint>
        <constraint path="data.quantity.unit_normal" value="DegreesCelsius_CODE"></constraint>
    </cem>
    <info>
        <definition>AmbientTemperatureMeas model is a measurement model. A measurement model holds a "question" or a "test" in the key and holds a numeric value (PQ) answer in data. For example, in the HeartRateMeas model, the "question" or the "test" is "What is the heart rate measurement?", and the "answer" in data can be "100 bpm".
In the  AmbientTemperatureMeas model, the question is "what is the subject's  Ambient Temperature?" and the numeric answer will be expressed in degrees celsius. 
"Ambient Temperature" by definition means "the temperature of the patient's environment".</definition>
    </info>
</ceml>