<?xml version="1.0" encoding="UTF-8" standalone="no"?>
<ceml>
    <cem name="AmbulatoryStatus" kind="component">
        <key code="AmbulatoryStatus_KEY_CODE"></key>
        <data type="CodableConcept"></data>
        <constraint path="data.codableConcept.strength" value="CNE"></constraint>
        <constraint path="data.codableConcept.valueset" value="AmbulatoryStatus_VALUESET_CODE"></constraint>
    </cem>
    <info>
        <definition>AmbulatoryStatus identifies the present state of mobility for a person.</definition>
    </info>
</ceml>