<?xml version="1.0" encoding="UTF-8" standalone="no"?>
<ceml>
    <cem name="AmiodaroneMCncPtSerPlasQnLabObs" kind="statement" base="StandardLabObsQuantitative">
        <key code="AmiodaroneMCncPtSerPlasQn_KEY_CODE"></key>
        <constraint path="data.quantity.unit_valueset" value="MassConcentrationUnits_VALUESET_CODE"></constraint>
        <constraint path="data.quantity.unit_normal" value="MicrogramsPerMilliliter_CODE"></constraint>
    </cem>
    <info>
        <definition>AmiodaroneMCncPtSerPlasQnLabObs is the Clinical Element Model for standard laboratory test results/observations numeric results. LOINC Code: 3330-8.</definition>
    </info>
</ceml>