<?xml version="1.0" encoding="UTF-8" standalone="no"?>
<ceml>
    <cem name="AmitriptylineMCncPtSerPlasQnLabObs" kind="statement" base="StandardLabObsQuantitative">
        <key code="AmitriptylineMCncPtSerPlasQn_KEY_CODE"></key>
        <constraint path="data.quantity.unit_valueset" value="MassConcentrationUnits_VALUESET_CODE"></constraint>
        <constraint path="data.quantity.unit_normal" value="NanogramsPerMilliliter_CODE"></constraint>
    </cem>
    <info>
        <definition>AmitriptylineMCncPtSerPlasQnLabObs is the Clinical Element Model for standard laboratory test results/observations numeric results. LOINC Code: 3333-2.</definition>
    </info>
</ceml>