<?xml version="1.0" encoding="UTF-8" standalone="no"?>
<ceml>
    <cem name="AmmoniumUrateCrystalsACncPtUrineSedOrdMicroscopyLightLabObs" kind="statement" base="StandardLabObsOrdinal">
        <key code="AmmoniumUrateCrystalsACncPtUrineSedOrdMicroscopyLight_KEY_CODE"></key>
    </cem>
    <info>
        <definition>AmmoniumUrateCrystalsACncPtUrineSedOrdMicroscopyLightLabObs is the Clinical Element Model for standard laboratory test results/observations ordinal results. LOINC Code: 5766-1.</definition>
    </info>
</ceml>