<?xml version="1.0" encoding="UTF-8" standalone="no"?>
<ceml>
    <cem name="AmmoniaSCncPtPlasQnLabObs" kind="statement" base="StandardLabObsQuantitative">
        <key code="AmmoniaSCncPtPlasQn_KEY_CODE"></key>
        <constraint path="data.quantity.unit_valueset" value="SubstanceConcentrationUnits_VALUESET_CODE"></constraint>
        <constraint path="data.quantity.unit_normal" value="MicromolesPerLiter_CODE"></constraint>
    </cem>
    <info>
        <definition>AmmoniaSCncPtPlasQnLabObs is the Clinical Element Model for standard laboratory test results/observations numeric results. LOINC Code: 16362-6.</definition>
    </info>
</ceml>