<?xml version="1.0" encoding="UTF-8" standalone="no"?>
<ceml>
    <cem name="AmnioticFluidDescriptionEval" kind="statement">
        <key code="AmnioticFluidDescription_KEY_CODE"></key>
        <data type="CodableConcept"></data>
        <qual type="RouteMethodDevice" id="routeMethodDevice" card="0-1"></qual>
        <qual type="Aggregate" id="aggregate" card="0-1"></qual>
        <qual type="RelativeTemporalContext" id="relativeTemporalContext" card="0-M"></qual>
        <qual type="PatientPrecondition" id="patientPrecondition" card="0-M"></qual>
        <mod type="Subject" id="subject" card="0-1"></mod>
        <att type="Observed" id="observed" card="0-1"></att>
        <att type="ReportedReceived" id="reportedReceived" card="0-1"></att>
        <att type="Verified" id="verified" card="0-1"></att>
        <constraint path="data.codableConcept.strength" value="CWE"></constraint>
        <constraint path="data.codableConcept.valueset" value="AmnioticFluidDescription_VALUESET_CODE"></constraint>
    </cem>
    <info>
        <definition>AmnioticFluidDescriptionEval model is an evaluation model. An evaluation model holds a "question" in the key and holds a coded value (CD or CO) answer in data. For example, in the HairColorEval model, the "question" is "What is the hair color evaluation?", and the "answer" in data can be "White".
In the AmnioticFluidDescriptionEval model, the question is "what is the subject's Amniotic Fluid Description?" and the coded answers can be 'black','meconium', and 'pink' etc.
"Amniotic Fluid Description" by definition describes the characteristics of the amniotic fluid surrounding a fetus, or expelled with a newborn at birth.</definition>
    </info>
</ceml>