<?xml version="1.0" encoding="UTF-8" standalone="no"?>
<ceml>
    <cem name="Amoxapine8MinusHydroxyamoxapineMCncPtSerPlasQnLabObs" kind="statement" base="StandardLabObsQuantitative">
        <key code="Amoxapine8MinusHydroxyamoxapineMCncPtSerPlasQn_KEY_CODE"></key>
        <constraint path="data.quantity.unit_valueset" value="MassConcentrationUnits_VALUESET_CODE"></constraint>
        <constraint path="data.quantity.unit_normal" value="NanogramsPerMilliliter_CODE"></constraint>
    </cem>
    <info>
        <definition>Amoxapine8MinusHydroxyamoxapineMCncPtSerPlasQnLabObs is the Clinical Element Model for standard laboratory test results/observations numeric results. LOINC Code: 9625-5.</definition>
    </info>
</ceml>