<?xml version="1.0" encoding="UTF-8" standalone="no"?>
<ceml>
    <cem name="AmphotericinBSuscPtIsolateOrdQnLabObs" kind="statement" base="StandardLabObsQuantitative">
        <key code="AmphotericinBSuscPtIsolateOrdQn_KEY_CODE"></key>
    </cem>
    <info>
        <definition>AmphotericinBSuscPtIsolateOrdQnLabObs is the Clinical Element Model for standard laboratory test results/observations with a choice of coded ordinal or physical quantity result. LOINC Code: 18863-1</definition>
    </info>
</ceml>