<?xml version="1.0" encoding="UTF-8" standalone="no"?>
<ceml>
    <cem name="AmplitudeSettingMeas" kind="statement">
        <key code="AmplitudeSetting_KEY_CODE"></key>
        <data type="Quantity"></data>
        <mod type="Subject" id="subject" card="0-1"></mod>
        <att type="Observed" id="observed" card="0-1"></att>
        <att type="ReportedReceived" id="reportedReceived" card="0-1"></att>
        <att type="Verified" id="verified" card="0-1"></att>
        <constraint path="data.quantity.unit_valueset" value="PressureUnits_VALUESET_CODE"></constraint>
        <constraint path="data.quantity.unit_normal" value="CentimetersOfWater_CODE"></constraint>
    </cem>
    <info>
        <definition>AmplitudeSettingMeas model is a measurement model. A measurement model holds a "question" or a "test" in the key and holds a numeric value (PQ) answer in data. For example, in the HeartRateMeas model, the "question" or the "test" is "What is the heart rate measurement?", and the "answer" in data can be "100 bpm".
In the AmplitudeSettingMeas model, the question is "what is the mechanical ventilator's amplitude setting?" and the numeric answer will be expressed in centimeters of water. 
"Amplitude Setting" by definition means "the difference between maximum and minimum airway pressure for high frequency jet ventilation.".</definition>
    </info>
</ceml>