<?xml version="1.0" encoding="UTF-8" standalone="no"?>
<ceml>
    <cem name="AmprenavirSuscPtIsolateOrdQnGenotypingLabObs" kind="statement" base="StandardLabObsQuantitative">
        <key code="AmprenavirSuscPtIsolateOrdQnGenotyping_KEY_CODE"></key>
    </cem>
    <info>
        <definition>AmprenavirSuscPtIsolateOrdQnGenotypingLabObs is the Clinical Element Model for standard laboratory test results/observations with a choice of coded ordinal or physical quantity result. LOINC Code: 30297-6</definition>
    </info>
</ceml>