<?xml version="1.0" encoding="UTF-8" standalone="no"?>
<ceml>
    <cem name="AmprenavirSuscPtIsolateOrdQnPhenotypingLabObs" kind="statement" base="StandardLabObsQuantitative">
        <key code="AmprenavirSuscPtIsolateOrdQnPhenotyping_KEY_CODE"></key>
    </cem>
    <info>
        <definition>AmprenavirSuscPtIsolateOrdQnPhenotypingLabObs is the Clinical Element Model for standard laboratory test results/observations with a choice of coded ordinal or physical quantity result. LOINC Code: 30296-8</definition>
    </info>
</ceml>