<?xml version="1.0" encoding="UTF-8" standalone="no"?>
<ceml>
    <cem name="AmputationAssert" kind="statement" base="ClinicalAssert">
        <qual type="BodyLocationPrecoord" id="bodyLocationPrecoord" card="0-M"></qual>
        <qual type="RelativeTemporalContext" id="relativeTemporalContext" card="0-M"></qual>
        <qual type="ForeignBody" id="foreignBody" card="0-M"></qual>
        <qual type="DrainageFluidDescription" id="drainageFluidDescription" card="0-M"></qual>
        <qual type="Hemostatic" id="hemostatic" card="0-M"></qual>
        <qual type="MechanismOfInjury" id="mechanismOfInjury" card="0-M"></qual>
        <qual type="AssociatedSignAndSymptom" id="associatedSignAndSymptom" card="0-M"></qual>
        <constraint path="data.codableConcept.code" value="Amputation_CODE"></constraint>
        <constraint path="bodyLocationPrecoord.data.codableConcept.valueset" value="AmputationBodyLocation_VALUESET_CODE"></constraint>
    </cem>
    <info>
        <definition>AmputationAssert is an assertion model. In an assertion model, the key is set to "Assertion_KEY_ECID", and data is the condition being asserted. 
For example, the AbdominalTendernessAssert model has a key of "Assertion_KEY_ECID" and a data of "AbdominalTenderness_ECID".
In the AmputationAssert model, data is Amputation_ECID which means the subject has an amputated limb.</definition>
    </info>
</ceml>