<?xml version="1.0" encoding="UTF-8" standalone="no"?>
<ceml>
    <cem name="AmylaseCRat24HUrineQnLabObs" kind="statement" base="StandardLabObsQuantitative">
        <key code="AmylaseCRat24HUrineQn_KEY_CODE"></key>
        <constraint path="data.quantity.unit_valueset" value="ArbitraryRateUnits_VALUESET_CODE"></constraint>
        <constraint path="data.quantity.unit_normal" value="InternationalUnitsPerDay_CODE"></constraint>
    </cem>
    <info>
        <definition>AmylaseCRat24HUrineQnLabObs is the Clinical Element Model for standard laboratory test results/observations numeric results. LOINC Code: 1800-2.</definition>
    </info>
</ceml>