<?xml version="1.0" encoding="UTF-8" standalone="no"?>
<ceml>
    <cem name="AnabasineMCncPtUrineQnLabObs" kind="statement" base="StandardLabObsQuantitative">
        <key code="AnabasineMCncPtUrineQn_KEY_CODE"></key>
        <constraint path="data.quantity.unit_valueset" value="MassConcentrationUnits_VALUESET_CODE"></constraint>
        <constraint path="data.quantity.unit_normal" value="NanogramsPerMilliliter_CODE"></constraint>
    </cem>
    <info>
        <definition>AnabasineMCncPtUrineQnLabObs is the Clinical Element Model for the quantification of anabasine in urine.
LOINC Code: 33915-0</definition>
    </info>
</ceml>