<?xml version="1.0" encoding="UTF-8" standalone="no"?>
<ceml>
    <cem name="AndrostanoloneMCncPtSerPlasQnLabObs" kind="statement" base="StandardLabObsQuantitative">
        <key code="AndrostanoloneMCncPtSerPlasQn_KEY_CODE"></key>
        <constraint path="data.quantity.unit_valueset" value="MassConcentrationUnits_VALUESET_CODE"></constraint>
        <constraint path="data.quantity.unit_normal" value="NanogramsPerDeciliter_CODE"></constraint>
    </cem>
    <info>
        <definition>AndrostanoloneMCncPtSerPlasQnLabObs is the Clinical Element Model for standard laboratory test results/observations numeric results. LOINC Code: 1848-1.</definition>
    </info>
</ceml>