<?xml version="1.0" encoding="UTF-8" standalone="no"?>
<ceml>
    <cem name="AngiotensinConvertingEnzymeCCncPtCSFQnLabObs" kind="statement" base="StandardLabObsQuantitative">
        <key code="AngiotensinConvertingEnzymeCCncPtCSFQn_KEY_CODE"></key>
        <constraint path="data.quantity.unit_valueset" value="SubstanceRateConcentrationUnits_VALUESET_CODE"></constraint>
        <constraint path="data.quantity.unit_normal" value="UnitsPerLiter_CODE"></constraint>
    </cem>
    <info>
        <definition>AngiotensinConvertingEnzymeCCncPtCSFQnLabObs is the Clinical Element Model for standard laboratory test results/observations numeric results. LOINC Code: 12480-0.</definition>
    </info>
</ceml>