<?xml version="1.0" encoding="UTF-8" standalone="no"?>
<ceml>
    <cem name="AngleTEGLabObs" kind="statement" base="StandardLabObsQuantitative">
        <key code="AngleTEG_KEY_CODE"></key>
        <constraint path="data.quantity.unit_valueset" value="PlaneAngleUnits_VALUESET_CODE"></constraint>
        <constraint path="data.quantity.unit_normal" value="DegreesOfArc_CODE"></constraint>
    </cem>
    <info>
        <definition>AngleTEGLabObs is the Clinical Element Model for standard laboratory test results/observations numeric results. 
LOINC Code: 66748-5.</definition>
    </info>
</ceml>