<?xml version="1.0" encoding="UTF-8" standalone="no"?>
<ceml>
    <cem name="AnionGap3SCncPtSerPlasQnLabObs" kind="statement" base="StandardLabObsQuantitative">
        <key code="AnionGap3SCncPtSerPlasQn_KEY_CODE"></key>
        <constraint path="data.quantity.unit_valueset" value="SubstanceConcentrationUnits_VALUESET_CODE"></constraint>
        <constraint path="data.quantity.unit_normal" value="MillimolesPerLiter_CODE"></constraint>
    </cem>
    <info>
        <definition>AnionGap3SCncPtSerPlasQnLabObs is the Clinical Element Model for standard laboratory test results/observations numeric results. LOINC Code: 10466-1.</definition>
    </info>
</ceml>