<?xml version="1.0" encoding="UTF-8" standalone="no"?>
<ceml>
    <cem name="AnkleEdemaAssert" kind="statement" base="ClinicalAssert">
        <qual type="BodyLaterality" id="bodyLaterality" card="0-M"></qual>
        <qual type="AlleviatingFactor" id="alleviatingFactor" card="0-M"></qual>
        <qual type="ExacerbatingFactor" id="exacerbatingFactor" card="0-M"></qual>
        <qual type="Periodicity" id="periodicity" card="0-M"></qual>
        <qual type="Course" id="course" card="0-1"></qual>
        <qual type="Severity" id="severity" card="0-1"></qual>
        <qual type="DateOfResolution" id="dateOfResolution" card="0-1"></qual>
        <qual type="RelativeTemporalContext" id="relativeTemporalContext" card="0-M"></qual>
        <qual type="AssociatedSignAndSymptom" id="associatedSignAndSymptom" card="0-M"></qual>
        <constraint path="data.codableConcept.code" value="AnkleEdema_CODE"></constraint>
    </cem>
    <info>
        <definition>AnkleEdemaAssert is an assertion model. In an assertion model, the key is set to "Assertion_KEY_ECID", and data is the condition being asserted. 
For example, the AbdominalTendernessAssert model has a key of "Assertion_KEY_ECID" and a data of "AbdominalTenderness_ECID".
In the  AnkleEdemaAssert model, data is  AnkleEdema_ECID which indicates the subject has 
marked swelling in the ankle area.</definition>
    </info>
</ceml>