<?xml version="1.0" encoding="UTF-8" standalone="no"?>
<ceml>
    <cem name="AnkleBrachialIndexMeas" kind="statement">
        <key code="AnkleBrachialIndex_KEY_CODE"></key>
        <data type="Decimal"></data>
        <qual type="StatinsUseInd" id="statinsUseInd" card="0-1"></qual>
        <qual type="BodyLaterality" id="bodyLaterality" card="0-1"></qual>
        <qual type="ObservationAge" id="observationAge" card="0-1"></qual>
        <qual type="AbnormalInterpretation" id="abnormalInterpretation" card="0-1"></qual>
        <qual type="DeltaFlag" id="deltaFlag" card="0-1"></qual>
        <qual type="ReferenceRangeNar" id="referenceRangeNar" card="0-1"></qual>
        <qual type="RelativeTemporalContext" id="relativeTemporalContext" card="0-M"></qual>
        <qual type="PatientPrecondition" id="patientPrecondition" card="0-M"></qual>
        <mod type="Subject" id="subject" card="0-1"></mod>
        <att type="Observed" id="observed" card="0-1"></att>
        <att type="ReportedReceived" id="reportedReceived" card="0-1"></att>
        <att type="Verified" id="verified" card="0-1"></att>
        <constraint path="abnormalInterpretation.data.codableConcept.valueset" value="AbnormalInterpretationNumericNom_VALUESET_CODE"></constraint>
        <constraint path="deltaFlag.data.codableConcept.valueset" value="DeltaFlagNumericNom_VALUESET_CODE"></constraint>
    </cem>
    <info>
        <definition>AnkleBrachialIndexMeas model is a measurement model. A measurement model holds a "question" or a "test" in the key and holds a numeric value (PQ) answer in data. For example, in the HeartRateMeas model, the "question" or the "test" is "What is the heart rate measurement?", and the "answer" in data can be "100 bpm".
In the AnkleBrachialIndexMeas model, the question is "what is the subject's ankle brachial index value?" and the numeric answer will be expressed as a real data type. 
"AnkleBrachialIndex" by definition compares the blood pressure obtained in the brachial artery to
blood pressure of the posterior tibial artery. It is an indicator to evaluate peripheral arterial disease."
 
The measurement of a patient's Ankle-Brachial index, which</definition>
    </info>
</ceml>