<?xml version="1.0" encoding="UTF-8" standalone="no"?>
<ceml>
    <cem name="AnorexiaNervosaAssert" kind="statement" base="ClinicalAssert">
        <qual type="AlleviatingFactor" id="alleviatingFactor" card="0-M"></qual>
        <qual type="ExacerbatingFactor" id="exacerbatingFactor" card="0-M"></qual>
        <qual type="Periodicity" id="periodicity" card="0-M"></qual>
        <qual type="Course" id="course" card="0-1"></qual>
        <qual type="Severity" id="severity" card="0-1"></qual>
        <qual type="DateOfResolution" id="dateOfResolution" card="0-1"></qual>
        <qual type="RelativeTemporalContext" id="relativeTemporalContext" card="0-M"></qual>
        <qual type="AssociatedSignAndSymptom" id="associatedSignAndSymptom" card="0-M"></qual>
        <constraint path="data.codableConcept.code" value="AnorexiaNervosa_CODE"></constraint>
    </cem>
    <info>
        <definition>AnorexiaNervosaAssert is an assertion model. In an assertion model, the key is set to "Assertion_KEY_ECID", and data is the condition being asserted. 
For example, the AbdominalTendernessAssert model has a key of "Assertion_KEY_ECID" and a data of "AbdominalTenderness_ECID".
In the  AnorexiaNervosaAssert model, data is  AnorexiaNervosa_ECID which indicates the subject has a diagnosis characterized by a lack or loss of appetite, accompanied by food aversion and the inability to eat, causing severe malnutrition.</definition>
    </info>
</ceml>