<?xml version="1.0" encoding="UTF-8" standalone="no"?>
<ceml>
    <cem name="AnticoagulationReasonEval" kind="statement">
        <key code="AnticoagulationReason_KEY_CODE"></key>
        <data type="CodableConcept"></data>
        <qual type="Aggregate" id="aggregate" card="0-1"></qual>
        <qual type="RelativeTemporalContext" id="relativeTemporalContext" card="0-M"></qual>
        <qual type="PatientPrecondition" id="patientPrecondition" card="0-M"></qual>
        <mod type="Subject" id="subject" card="0-1"></mod>
        <att type="Observed" id="observed" card="0-1"></att>
        <att type="ReportedReceived" id="reportedReceived" card="0-1"></att>
        <att type="Verified" id="verified" card="0-1"></att>
        <constraint path="data.codableConcept.strength" value="CWE"></constraint>
        <constraint path="data.codableConcept.valueset" value="AnticoagulationReason_VALUESET_CODE"></constraint>
    </cem>
    <info>
        <definition>AnticoagulationReasonEval model is an evaluation model. An evaluation model holds a "question" in the key and holds a coded value (CD) answer in data. For example, in the HairColorEval model, the "question" is "What is the hair color evaluation?", and the "answer" in data can be "White".
In the  AnticoagulationReasonEval model, the question is "what is the reason for the subject being on anitcoagulation therapy?" and the coded answers can be 'Aortic valve prosthesis','Pulmonary embolus', and 'Recurrent deep vein thrombosis' etc.
"Anticoagulation" by definition means "administering some type of therapy, usually medication to interrupt the clotting process in the blood, making the blood 'thinner''".</definition>
    </info>
</ceml>