<?xml version="1.0" encoding="UTF-8" standalone="no"?>
<ceml>
    <cem name="AntibioticSusceptibilityYeastIsolateQualitativeLabObs" kind="statement" base="StandardLabObsCoded">
        <key code="AntibioticSusceptibilityYeastIsolateQualitative_KEY_CODE"></key>
    </cem>
    <info>
        <definition>AntibioticSusceptibilityYeastIsolateQualitativeLabObs is the Clinical Element Model for standard laboratory test results/observations with coded results. LOINC Code: none</definition>
    </info>
</ceml>