<?xml version="1.0" encoding="UTF-8" standalone="no"?>
<ceml>
    <cem name="AntibodyTiterLabObs" kind="statement" base="StandardLabObsQuantitative">
        <key code="AntibodyTiter_KEY_CODE"></key>
        <constraint path="data.quantity.unit_valueset" value="MeasuredEntityNonUnits_VALUESET_CODE"></constraint>
        <constraint path="data.quantity.unit_normal" value="Titer_CODE"></constraint>
    </cem>
    <info>
        <definition>AntibodyTiterLabObs is the Clinical Element Model for standard laboratory test results/observations numeric results. LOINC Code: none.</definition>
    </info>
</ceml>