<?xml version="1.0" encoding="UTF-8" standalone="no"?>
<ceml>
    <cem name="AntibioticSusceptibilityLabObs" kind="statement" form="partial">
        <key valueset="AntibioticSusceptibility_KEY_VALUESET_CODE"></key>
        <data type="CodableConcept"></data>
        <qual type="SusceptibilityTestDrug" id="susceptibilityTestDrug" card="0-1"></qual>
        <qual type="SusceptibilityDrugConcentration" id="susceptibilityDrugConcentration" card="0-1"></qual>
        <qual type="SerialDilutionInstrument" id="serialDilutionInstrument" card="0-1"></qual>
        <qual type="RelativeTemporalContext" id="relativeTemporalContext" card="0-1"></qual>
        <qual type="ResultStatus" id="resultStatus" card="0-1"></qual>
        <qual type="ReportingPriority" id="reportingPriority" card="0-1"></qual>
        <qual type="ResponsibleObserver" id="responsibleObserver" card="0-M"></qual>
        <qual type="PerformingLaboratory" id="performingLaboratory" card="0-1"></qual>
        <qual type="Comment" id="comment" card="0-M"></qual>
        <mod type="Subject" id="subject" card="0-1"></mod>
        <att type="Resulted" id="resulted" card="0-1"></att>
        <att type="Verified" id="verified" card="0-1"></att>
        <att type="Corrected" id="corrected" card="0-1"></att>
        <constraint path="data.codableConcept.valueset" value="SusceptibilityInterpretation_VALUESET_CODE"></constraint>
    </cem>
    <info>
        <definition>AntibioticSusceptibilityLabObs is a base model for the four different types of susceptibilities tested for in microbiology labs.</definition>
    </info>
</ceml>