<?xml version="1.0" encoding="UTF-8" standalone="no"?>
<ceml>
    <cem name="AnxietyAssert" kind="statement" base="ClinicalAssert">
        <qual type="Severity" id="severity" card="0-1"></qual>
        <qual type="AlleviatingFactor" id="alleviatingFactor" card="0-M"></qual>
        <qual type="ExacerbatingFactor" id="exacerbatingFactor" card="0-M"></qual>
        <qual type="Periodicity" id="periodicity" card="0-M"></qual>
        <qual type="Course" id="course" card="0-1"></qual>
        <qual type="DateOfResolution" id="dateOfResolution" card="0-1"></qual>
        <qual type="RelativeTemporalContext" id="relativeTemporalContext" card="0-M"></qual>
        <qual type="AssociatedSignAndSymptom" id="associatedSignAndSymptom" card="0-M"></qual>
        <constraint path="data.codableConcept.code" value="Anxiety_CODE"></constraint>
    </cem>
    <info>
        <definition>AnxietyAssert is an assertion model. In an assertion model, the key is set to "Assertion_KEY_ECID", and data is the condition being asserted. 
For example, the AbdominalTendernessAssert model has a key of "Assertion_KEY_ECID" and a data of "AbdominalTenderness_ECID".
In the AnxietyAssert model, data is Anxiety_ECID which means the subject has a feeling of dread, apprehension, and impending disaster, but not at a debilitating level as in anxiety disorders .</definition>
    </info>
</ceml>