<?xml version="1.0" encoding="UTF-8" standalone="no"?>
<ceml>
    <cem name="AorticValveRepairReplacementProc" kind="statement" base="Procedure">
        <constraint path="data.codableConcept.code" value="AorticValveRepairReplacement_CODE"></constraint>
    </cem>
    <info>
        <definition>AorticValveRepairReplacementProc model is a procedure model. In a procedure model the key code is Procedure_KEY_ECID and data describes the procedure being performed.
In the AorticValveRepairReplacementProc model data is AorticValveRepairReplacement_ECID which captures information surrounding a AorticValveRepairReplacement.</definition>
    </info>
</ceml>