<?xml version="1.0" encoding="UTF-8" standalone="no"?>
<ceml>
    <cem name="APCGeneMutationAnalysisPridPtBldTissNomMolgenLabObs" kind="statement" base="StandardLabObsCoded">
        <key code="APCGeneMutationAnalysisPridPtBldTissNomMolgen_KEY_CODE"></key>
    </cem>
    <info>
        <definition>APCGeneMutationAnalysisPridPtBldTissNomMolgenLabObs is the Clinical Element Model for standard laboratory test results/observations with coded results. LOINC Code: 20990-8</definition>
    </info>
</ceml>