<?xml version="1.0" encoding="UTF-8" standalone="no"?>
<ceml>
    <cem name="ApgarScoreFifteenMinutePulseMeas" kind="statement">
        <key code="ApgarScoreFifteenMinutePulse_KEY_CODE"></key>
        <data type="CodedOrdinal"></data>
        <mod type="Subject" id="subject" card="0-1"></mod>
        <att type="Observed" id="observed" card="0-1"></att>
        <att type="ReportedReceived" id="reportedReceived" card="0-1"></att>
        <att type="Verified" id="verified" card="0-1"></att>
        <constraint path="data.codedOrdinal.valueset" value="ApgarScorePulse_VALUESET_CODE"></constraint>
    </cem>
    <info>
        <definition>ApgarScoreFifteenMinutePulseMeas model is a measurement model. A measurement model holds a "question" or a "test" in the key and holds a numeric value (PQ)or ordinal value (CO) answer in data. For example, in the HeartRateMeas model, the "question" or the "test" is "What is the heart rate measurement?", and the "answer" in data can be "100 bpm".
In the ApgarScoreFifteenMinutePulseMeas model, the question is "what is the newborns's Apgar Pulse score 15 minutes after birth?" and the ordinal answer would correspond as follows:  0 (absent); 1(slow, below 100); 2(over 100).
The Apgar activity Score is an evaluation system to quantify the quality of activity in a newborn at certain increments following birth. It is an indicator of the health of the infant.</definition>
    </info>
</ceml>