<?xml version="1.0" encoding="UTF-8" standalone="no"?>
<ceml>
    <cem name="ApgarScoreOneMinutePostBirthPanel" kind="panel">
        <key code="ApgarScoreOneMinutePostBirthPanel_KEY_CODE"></key>
        <item type="ApgarScoreOneMinuteActivityMeas" id="apgarScoreOneMinuteActivityMeas" card="0-1"></item>
        <item type="ApgarScoreOneMinuteAppearanceMeas" id="apgarScoreOneMinuteAppearanceMeas" card="0-1"></item>
        <item type="ApgarScoreOneMinuteGrimaceMeas" id="apgarScoreOneMinuteGrimaceMeas" card="0-1"></item>
        <item type="ApgarScoreOneMinutePulseMeas" id="apgarScoreOneMinutePulseMeas" card="0-1"></item>
        <item type="ApgarScoreOneMinuteRespirationMeas" id="apgarScoreOneMinuteRespirationMeas" card="0-1"></item>
        <item type="ApgarScoreOneMinuteTotalMeas" id="apgarScoreOneMinuteTotalMeas" card="1"></item>
        <mod type="Subject" id="subject" card="0-1"></mod>
        <att type="Observed" id="observed" card="0-1"></att>
        <att type="ReportedReceived" id="reportedReceived" card="0-1"></att>
        <att type="Verified" id="verified" card="0-1"></att>
    </cem>
    <info>
        <definition>ApgarScoreOneMinutePostBirthPanel is a model to capture the Apgar score of a newborn one minute after birth delivery. It is a summation of five subcategory scores, and they are acronyms of Appearance, Pulse, Grimace, Activity and Respiration.</definition>
    </info>
</ceml>