<?xml version="1.0" encoding="UTF-8" standalone="no"?>
<ceml>
    <cem name="ApgarScoreFiveMinutePostBirthPanel" kind="panel">
        <key code="ApgarScoreFiveMinutePostBirthPanel_KEY_CODE"></key>
        <item type="ApgarScoreFiveMinuteActivityMeas" id="apgarScoreFiveMinuteActivityMeas" card="0-1"></item>
        <item type="ApgarScoreFiveMinuteAppearanceMeas" id="apgarScoreFiveMinuteAppearanceMeas" card="0-1"></item>
        <item type="ApgarScoreFiveMinuteGrimaceMeas" id="apgarScoreFiveMinuteGrimaceMeas" card="0-1"></item>
        <item type="ApgarScoreFiveMinutePulseMeas" id="apgarScoreFiveMinutePulseMeas" card="0-1"></item>
        <item type="ApgarScoreFiveMinuteRespirationMeas" id="apgarScoreFiveMinuteRespirationMeas" card="0-1"></item>
        <item type="ApgarScoreFiveMinuteTotalMeas" id="apgarScoreFiveMinuteTotalMeas" card="1"></item>
        <mod type="Subject" id="subject" card="0-1"></mod>
        <att type="Observed" id="observed" card="0-1"></att>
        <att type="ReportedReceived" id="reportedReceived" card="0-1"></att>
        <att type="Verified" id="verified" card="0-1"></att>
    </cem>
    <info>
        <definition>ApgarScoreFiveMinutePostBirthPanel is a model to capture the Apgar score of a newborn five minutes after birth delivery. It is a summation of five subcategory scores, and they are acronyms of Appearance, Pulse, Grimace, Activity and Respiration.</definition>
    </info>
</ceml>