<?xml version="1.0" encoding="UTF-8" standalone="no"?>
<ceml>
    <cem name="ApgarScoreTenMinutePostBirthPanel" kind="panel">
        <key code="ApgarScoreTenMinutePostBirthPanel_KEY_CODE"></key>
        <item type="ApgarScoreTenMinuteActivityMeas" id="apgarScoreTenMinuteActivityMeas" card="0-1"></item>
        <item type="ApgarScoreTenMinuteAppearanceMeas" id="apgarScoreTenMinuteAppearanceMeas" card="0-1"></item>
        <item type="ApgarScoreTenMinuteGrimaceMeas" id="apgarScoreTenMinuteGrimaceMeas" card="0-1"></item>
        <item type="ApgarScoreTenMinutePulseMeas" id="apgarScoreTenMinutePulseMeas" card="0-1"></item>
        <item type="ApgarScoreTenMinuteRespirationMeas" id="apgarScoreTenMinuteRespirationMeas" card="0-1"></item>
        <item type="ApgarScoreTenMinuteTotalMeas" id="apgarScoreTenMinuteTotalMeas" card="1"></item>
        <mod type="Subject" id="subject" card="0-1"></mod>
        <att type="Observed" id="observed" card="0-1"></att>
        <att type="ReportedReceived" id="reportedReceived" card="0-1"></att>
        <att type="Verified" id="verified" card="0-1"></att>
    </cem>
    <info>
        <definition>ApgarScoreTenMinutePostBirthPanel is a model to capture the Apgar score of a newborn ten minutes after birth delivery. It is a summation of five subcategory scores, and they are acronyms of Appearance, Pulse, Grimace, Activity and Respiration.</definition>
    </info>
</ceml>