<?xml version="1.0" encoding="UTF-8" standalone="no"?>
<ceml>
    <cem name="ApgarScoreTwoMinutePostBirthPanel" kind="panel">
        <key code="ApgarScoreTwoMinutePostBirthPanel_KEY_CODE"></key>
        <item type="ApgarScoreTwoMinuteActivityMeas" id="apgarScoreTwoMinuteActivityMeas" card="0-1"></item>
        <item type="ApgarScoreTwoMinuteAppearanceMeas" id="apgarScoreTwoMinuteAppearanceMeas" card="0-1"></item>
        <item type="ApgarScoreTwoMinuteGrimaceMeas" id="apgarScoreTwoMinuteGrimaceMeas" card="0-1"></item>
        <item type="ApgarScoreTwoMinutePulseMeas" id="apgarScoreTwoMinutePulseMeas" card="0-1"></item>
        <item type="ApgarScoreTwoMinuteRespirationMeas" id="apgarScoreTwoMinuteRespirationMeas" card="0-1"></item>
        <item type="ApgarScoreTwoMinuteTotalMeas" id="apgarScoreTwoMinuteTotalMeas" card="1"></item>
        <mod type="Subject" id="subject" card="0-1"></mod>
        <att type="Observed" id="observed" card="0-1"></att>
        <att type="ReportedReceived" id="reportedReceived" card="0-1"></att>
        <att type="Verified" id="verified" card="0-1"></att>
    </cem>
    <info>
        <definition>ApgarScoreTwoMinutePostBirthPanel is a model to capture the Apgar score of a newborn two minutes after birth delivery. It is a summation of five subcategory scores, and they are acronyms of Appearance, Pulse, Grimace, Activity and Respiration.</definition>
    </info>
</ceml>