<?xml version="1.0" encoding="UTF-8" standalone="no"?>
<ceml>
    <cem name="ApgarScoreFifteenMinuteTotalMeas" kind="statement">
        <key code="ApgarScoreFifteenMinuteTotal_KEY_CODE"></key>
        <data type="Quantity"></data>
        <mod type="Subject" id="subject" card="0-1"></mod>
        <att type="Observed" id="observed" card="0-1"></att>
        <att type="ReportedReceived" id="reportedReceived" card="0-1"></att>
        <att type="Verified" id="verified" card="0-1"></att>
    </cem>
    <info>
        <definition>ApgarScoreFifteenMinuteTotalMeas model is a measurement model. A measurement model holds a "question" or a "test" in the key and holds a numeric value (PQ)or ordinal value (CO) answer in data. For example, in the HeartRateMeas model, the "question" or the "test" is "What is the heart rate measurement?", and the "answer" in data can be "100 bpm"
In the ApgarScoreFifteenMinuteTotalMeas model, the question is "what is the newborn's Total Apgar score 15 minutes after birth?" and the numeric answer will be PQ refecting the total of the ordinal values captured in the ApgarScoreFifteenMinuteActivityMeas, ApgarScoreFifteenMinuteAppearanceMeas, ApgarScoreFifteenMinuteGrimaceMeas, ApgarScoreFifteenMinutePulseMeas, ApgarScoreFifteenMinuteRespirationMeas models. Values can range from 0-10.  
ApgarScoreFifteenMinuteTotalMeas captures a newborn's total Apgar score which assesses the newborn's respiratory, cardiac, musculoskeletal, and neurological status fifteen minutes after the time of birth.</definition>
    </info>
</ceml>