<?xml version="1.0" encoding="UTF-8" standalone="no"?>
<ceml>
    <cem name="ApgarScoreTwoMinuteActivityMeas" kind="statement">
        <key code="ApgarScoreTwoMinuteActivity_KEY_CODE"></key>
        <data type="CodedOrdinal"></data>
        <mod type="Subject" id="subject" card="0-1"></mod>
        <att type="Observed" id="observed" card="0-1"></att>
        <att type="ReportedReceived" id="reportedReceived" card="0-1"></att>
        <att type="Verified" id="verified" card="0-1"></att>
        <constraint path="data.codedOrdinal.valueset" value="ApgarScoreActivity_VALUESET_CODE"></constraint>
    </cem>
    <info>
        <definition>ApgarScoreTwoMinuteActivityMeas model is a measurement model. A measurement model holds a "question" or a "test" in the key and holds a numeric value (PQ)or ordinal value (CO) answer in data. For example, in the HeartRateMeas model, the "question" or the "test" is "What is the heart rate measurement?", and the "answer" in data can be "100 bpm".
In the ApgarScoreTwoMinuteActivityMeas model, the question is "what is the newborns's Apgar activity score 2 minutes after birth?" and the ordinal answer would correspond as follows: 0 (flaccid, limp); 1(some flexion of extremities), and 2(well flexed). 
The Apgar activity Score is an evaluation system to quantify the quality of activity in a newborn at certain increments following birth. It is an indicator of the health of the infant.</definition>
    </info>
</ceml>