<?xml version="1.0" encoding="UTF-8" standalone="no"?>
<ceml>
    <cem name="ApgarScoreFifteenMinutePostBirthPanel" kind="panel">
        <key code="ApgarScoreFifteenMinutePostBirthPanel_KEY_CODE"></key>
        <item type="ApgarScoreFifteenMinuteActivityMeas" id="apgarScoreFifteenMinuteActivityMeas" card="0-1"></item>
        <item type="ApgarScoreFifteenMinuteAppearanceMeas" id="apgarScoreFifteenMinuteAppearanceMeas" card="0-1"></item>
        <item type="ApgarScoreFifteenMinuteGrimaceMeas" id="apgarScoreFifteenMinuteGrimaceMeas" card="0-1"></item>
        <item type="ApgarScoreFifteenMinutePulseMeas" id="apgarScoreFifteenMinutePulseMeas" card="0-1"></item>
        <item type="ApgarScoreFifteenMinuteRespirationMeas" id="apgarScoreFifteenMinuteRespirationMeas" card="0-1"></item>
        <item type="ApgarScoreFifteenMinuteTotalMeas" id="apgarScoreFifteenMinuteTotalMeas" card="1"></item>
        <mod type="Subject" id="subject" card="0-1"></mod>
        <att type="Observed" id="observed" card="0-1"></att>
        <att type="ReportedReceived" id="reportedReceived" card="0-1"></att>
        <att type="Verified" id="verified" card="0-1"></att>
    </cem>
    <info>
        <definition>ApgarScoreFifteenMinutePostBirthPanel is a model to capture the Apgar score of a newborn fifteen minutes after birth/delivery. It is a summation of five subcategory scores, and they are acronyms of Appearance, Pulse, Grimace, Activity and Respiration.</definition>
    </info>
</ceml>