<?xml version="1.0" encoding="UTF-8" standalone="no"?>
<ceml>
    <cem name="ApneaAlarmSettingMeas" kind="statement">
        <key code="ApneaAlarmSetting_KEY_CODE"></key>
        <data type="Quantity"></data>
        <mod type="Subject" id="subject" card="0-1"></mod>
        <att type="Observed" id="observed" card="0-1"></att>
        <att type="ReportedReceived" id="reportedReceived" card="0-1"></att>
        <att type="Verified" id="verified" card="0-1"></att>
        <constraint path="data.quantity.unit_valueset" value="TimeUnits_VALUESET_CODE"></constraint>
        <constraint path="data.quantity.unit_normal" value="Seconds_CODE"></constraint>
    </cem>
    <info>
        <definition>ApneaAlarmSettingMeas model is a measurement model. A measurement model holds a "question" or a "test" in the key and holds a numeric value (PQ)or ordinal value (CO) answer in data. For example, in the HeartRateMeas model, the "question" or the "test" is "What is the heart rate measurement?", and the "answer" in data can be "100 bpm".
In the ApneaAlarmSettingMeas model, the question is "what is the setting on the device for apnea?" and the numeric answer will be expressed in seconds. 
"ApneaAlarmSetting" by definition means An alarm setting sensitive to the length of time in seconds that the patient experiences apnea (cessation of breath).</definition>
    </info>
</ceml>