<?xml version="1.0" encoding="UTF-8" standalone="no"?>
<ceml>
    <cem name="ApolipoproteinAMinusIMCncPtSerPlasQnLabObs" kind="statement" base="StandardLabObsQuantitative">
        <key code="ApolipoproteinAMinusIMCncPtSerPlasQn_KEY_CODE"></key>
        <constraint path="data.quantity.unit_valueset" value="MassConcentrationUnits_VALUESET_CODE"></constraint>
        <constraint path="data.quantity.unit_normal" value="MilligramsPerDeciliter_CODE"></constraint>
    </cem>
    <info>
        <definition>ApolipoproteinAMinusIMCncPtSerPlasQnLabObs is the Clinical Element Model for standard laboratory test results/observations numeric results. LOINC Code: 1869-7.</definition>
    </info>
</ceml>