<?xml version="1.0" encoding="UTF-8" standalone="no"?>
<ceml>
    <cem name="ApolipoproteinBMinus100MCncPtSerPlasQnLabObs" kind="statement" base="StandardLabObsQuantitative">
        <key code="ApolipoproteinBMinus100MCncPtSerPlasQn_KEY_CODE"></key>
        <constraint path="data.quantity.unit_valueset" value="MassConcentrationUnits_VALUESET_CODE"></constraint>
        <constraint path="data.quantity.unit_normal" value="MilligramsPerDeciliter_CODE"></constraint>
    </cem>
    <info>
        <definition>ApolipoproteinBMinus100MCncPtSerPlasQnLabObs is the Clinical Element Model for standard laboratory test results/observations numeric results. LOINC Code: 1871-3.</definition>
    </info>
</ceml>