<?xml version="1.0" encoding="UTF-8" standalone="no"?>
<ceml>
    <cem name="AppearanceAperPtBodyFldNomLabObs" kind="statement" base="StandardLabObsCoded">
        <key code="AppearanceAperPtBodyFldNom_KEY_CODE"></key>
        <constraint path="data.codableConcept.valueset" value="BodyFluidAppearance_VALUESET_CODE"></constraint>
    </cem>
    <info>
        <definition>AppearanceAperPtBodyFldNomLabObs is the Clinical Element Model for standard laboratory test results/observations with coded results. LOINC Code: 9335-1</definition>
    </info>
</ceml>