<?xml version="1.0" encoding="UTF-8" standalone="no"?>
<ceml>
    <cem name="AppearanceAperPtUrineNomLabObs" kind="statement" base="StandardLabObsCoded">
        <key code="AppearanceAperPtUrineNom_KEY_CODE"></key>
        <constraint path="data.codableConcept.valueset" value="UrineAppearance_VALUESET_CODE"></constraint>
    </cem>
    <info>
        <definition>AppearanceAperPtUrineNomLabObs is the Clinical Element Model for standard laboratory test results/observations with coded results. LOINC Code: 5767-9</definition>
    </info>
</ceml>