<?xml version="1.0" encoding="UTF-8" standalone="no"?>
<ceml>
    <cem name="AppearanceAperPtCSFNomLabObs" kind="statement" base="StandardLabObsCoded">
        <key code="AppearanceAperPtCSFNom_KEY_CODE"></key>
        <constraint path="data.codableConcept.valueset" value="CSFAppearance_VALUESET_CODE"></constraint>
    </cem>
    <info>
        <definition>AppearanceAperPtCSFNomLabObs is the Clinical Element Model for standard laboratory test results/observations with coded results. LOINC Code: 10333-3</definition>
    </info>
</ceml>