<?xml version="1.0" encoding="UTF-8" standalone="no"?>
<ceml>
    <cem name="ApproximateAmount" kind="component">
        <key code="ApproximateAmount_KEY_CODE"></key>
        <data type="CodableConcept"></data>
        <constraint path="data.codableConcept.strength" value="CWE"></constraint>
        <constraint path="data.codableConcept.valueset" value="ApproximateAmount_VALUESET_CODE"></constraint>
    </cem>
    <info>
        <definition>ApproximateAmount is a component model to capture a descriptive representation of an estimated amount of a substance.
Values include: small, scant, copious, moderate and large.</definition>
    </info>
</ceml>