<?xml version="1.0" encoding="UTF-8" standalone="no"?>
<ceml>
    <cem name="AprobarbitalMCncPtSerPlasQnLabObs" kind="statement" base="StandardLabObsQuantitative">
        <key code="AprobarbitalMCncPtSerPlasQn_KEY_CODE"></key>
        <constraint path="data.quantity.unit_valueset" value="UnitsOfMeasure_VALUESET_CODE"></constraint>
    </cem>
    <info>
        <definition>AprobarbitalMCncPtSerPlasQnLabObs is the Clinical Element Model for standard laboratory test results/observations numeric results. LOINC Code: 10530-4.</definition>
    </info>
</ceml>