<?xml version="1.0" encoding="UTF-8" standalone="no"?>
<ceml>
    <cem name="ArachisHypogaeaAbIgGMCncPtSerQnLabObs" kind="statement" base="StandardLabObsQuantitative">
        <key code="ArachisHypogaeaAbIgGMCncPtSerQn_KEY_CODE"></key>
        <constraint path="data.quantity.unit_valueset" value="MassConcentrationUnits_VALUESET_CODE"></constraint>
    </cem>
    <info>
        <definition>ArachisHypogaeaAbIgGMCncPtSerQnLabObs is a Clinical Element model to record the results of the allergy testing for Arachis hypogaea
antibody in serum.
LOINC code 35542-0</definition>
    </info>
</ceml>