<?xml version="1.0" encoding="UTF-8" standalone="no"?>
<ceml>
    <cem name="ArginineCreatinineScRtoPtUrineQnLabObs" kind="statement" base="StandardLabObsQuantitative">
        <key code="ArginineCreatinineScRtoPtUrineQn_KEY_CODE"></key>
        <constraint path="data.quantity.unit_valueset" value="SubstanceContentUnits_VALUESET_CODE"></constraint>
        <constraint path="data.quantity.unit_normal" value="MicromolesPerGramCreatinine_CODE"></constraint>
    </cem>
    <info>
        <definition>ArginineCreatinineScRtoPtUrineQnLabObs is the Clinical Element Model for standard laboratory test results/observations numeric results. LOINC Code: 22697-7.</definition>
    </info>
</ceml>