<?xml version="1.0" encoding="UTF-8" standalone="no"?>
<ceml>
    <cem name="ArrivedByTransportation" kind="component">
        <key code="ArrivedByTransportation_KEY_CODE"></key>
        <data type="CodableConcept"></data>
        <qual type="Confidentiality" id="confidentiality" card="0-1"></qual>
        <qual type="TransportationDescription" id="transportationDescription" card="0-1"></qual>
        <qual type="Priority" id="priority" card="0-1"></qual>
        <qual type="StartTime" id="startTime" card="0-1"></qual>
        <qual type="EndTime" id="endTime" card="0-1"></qual>
        <constraint path="data.codableConcept.strength" value="CWE"></constraint>
        <constraint path="data.codableConcept.valueset" value="TransportMode_VALUESET_CODE"></constraint>
    </cem>
    <info>
        <definition>ArrivedByTransportation describes the method of transportation the patient used to arrive at a care facility.</definition>
    </info>
</ceml>