<?xml version="1.0" encoding="UTF-8" standalone="no"?>
<ceml>
    <cem name="ArsenicMCncPtBodyFldQnLabObs" kind="statement" base="StandardLabObsQuantitative">
        <key code="ArsenicMCncPtBodyFldQn_KEY_CODE"></key>
        <constraint path="data.quantity.unit_valueset" value="UnitsOfMeasure_VALUESET_CODE"></constraint>
    </cem>
    <info>
        <definition>ArsenicMCncPtBodyFldQnLabObs is the Clinical Element Model for standard laboratory test results/observations numeric results. LOINC Code: 9489-6.</definition>
    </info>
</ceml>