<?xml version="1.0" encoding="UTF-8" standalone="no"?>
<ceml>
    <cem name="ArsenicMCntPtNailQnLabObs" kind="statement" base="StandardLabObsQuantitative">
        <key code="ArsenicMCntPtNailQn_KEY_CODE"></key>
        <constraint path="data.quantity.unit_valueset" value="MassRatioOrMassFractionOrMassContentUnits_VALUESET_CODE"></constraint>
        <constraint path="data.quantity.unit_normal" value="MicrogramsPerGram_CODE"></constraint>
    </cem>
    <info>
        <definition>ArsenicMCntPtNailQnLabObs is the Clinical Element Model for standard laboratory test results/observations numeric results. LOINC Code: 8157-0.</definition>
    </info>
</ceml>