<?xml version="1.0" encoding="UTF-8" standalone="no"?>
<ceml>
    <cem name="ArsenicCreatinineMCrto24HUrineQnLabObs" kind="statement" base="StandardLabObsQuantitative">
        <key code="ArsenicCreatinineMCrto24HUrineQn_KEY_CODE"></key>
        <constraint path="data.quantity.unit_valueset" value="MassRatioOrMassFractionOrMassContentUnits_VALUESET_CODE"></constraint>
        <constraint path="data.quantity.unit_normal" value="MicrogramsPerGramCreatinine_CODE"></constraint>
    </cem>
    <info>
        <definition>ArsenicCreatinineMCrto24HUrineQnLabObs is the Clinical Element Model for standard laboratory test results/observations numeric results. LOINC Code: 13824-8.</definition>
    </info>
</ceml>