<?xml version="1.0" encoding="UTF-8" standalone="no"?>
<ceml>
    <cem name="ArsenicMethylatedUrineLabObs" kind="statement" base="StandardLabObsQuantitative">
        <key code="ArsenicMethylatedUrine_KEY_CODE"></key>
        <constraint path="data.quantity.unit_valueset" value="MassConcentrationUnits_VALUESET_CODE"></constraint>
        <constraint path="data.quantity.unit_normal" value="MicrogramsPerLiter_CODE"></constraint>
    </cem>
    <info>
        <definition>ArsenicMethylatedUrineLabObs is the Clinical Element Model for standard laboratory test results/observations numeric results. LOINC Code: none.</definition>
    </info>
</ceml>