<?xml version="1.0" encoding="UTF-8" standalone="no"?>
<ceml>
    <cem name="ArterialPatencyPreArterialPunctureACncPtWristArteryOrdLabObs" kind="statement" base="StandardLabObsOrdinal">
        <key code="ArterialPatencyPreArterialPunctureACncPtWristArteryOrd_KEY_CODE"></key>
    </cem>
    <info>
        <definition>ArterialPatencyPreArterialPunctureACncPtWristArteryOrdLabObs is the Clinical Element Model for standard laboratory test results/observations ordinal results. LOINC Code: 35503-2.</definition>
    </info>
</ceml>