<?xml version="1.0" encoding="UTF-8" standalone="no"?>
<ceml>
    <cem name="AsialogangliosideGM1AbIgMACncPtSerQnEIALabObs" kind="statement" base="StandardLabObsQuantitative">
        <key code="AsialogangliosideGM1AbIgMACncPtSerQnEIA_KEY_CODE"></key>
        <constraint path="data.quantity.unit_valueset" value="MeasuredEntityNonUnits_VALUESET_CODE"></constraint>
        <constraint path="data.quantity.unit_normal" value="IndexValue_CODE"></constraint>
    </cem>
    <info>
        <definition>AsialogangliosideGM1AbIgMACncPtSerQnEIALabObs is the Clinical Element Model for standard laboratory test results/observations numeric results. LOINC Code: 44709-4.</definition>
    </info>
</ceml>