<?xml version="1.0" encoding="UTF-8" standalone="no"?>
<ceml>
    <cem name="AsparagineCreatinineRatioPtUrineQnLabObs" kind="statement" base="StandardLabObsQuantitative">
        <key code="AsparagineCreatinineRatioPtUrineQn_KEY_CODE"></key>
        <constraint path="data.quantity.unit_valueset" value="SubstanceContentUnits_VALUESET_CODE"></constraint>
        <constraint path="data.quantity.unit_normal" value="MicromolesPerGramCreatinine_CODE"></constraint>
    </cem>
    <info>
        <definition>AsparagineCreatinineRatioPtUrineQnLabObs is the Clinical Element Model for standard laboratory test results/observations numeric results. LOINC Code: 28603-9.</definition>
    </info>
</ceml>