<?xml version="1.0" encoding="UTF-8" standalone="no"?>
<ceml>
    <cem name="AspergillusFumigatus6AbACncPtSerOrdImmuneDiffusionLabObs" kind="statement" base="StandardLabObsOrdinal">
        <key code="AspergillusFumigatus6AbACncPtSerOrdImmuneDiffusion_KEY_CODE"></key>
    </cem>
    <info>
        <definition>AspergillusFumigatus6AbACncPtSerOrdImmuneDiffusionLabObs is the Clinical Element Model for standard laboratory test results/observations ordinal results. LOINC Code: 6809-8.</definition>
    </info>
</ceml>