<?xml version="1.0" encoding="UTF-8" standalone="no"?>
<ceml>
    <cem name="AspergillusFumigatus3AbACncPtSerOrdImmuneDiffusionLabObs" kind="statement" base="StandardLabObsOrdinal">
        <key code="AspergillusFumigatus3AbACncPtSerOrdImmuneDiffusion_KEY_CODE"></key>
    </cem>
    <info>
        <definition>AspergillusFumigatus3AbACncPtSerOrdImmuneDiffusionLabObs is the Clinical Element Model for standard laboratory test results/observations ordinal results. LOINC Code: 15151-4.</definition>
    </info>
</ceml>