<?xml version="1.0" encoding="UTF-8" standalone="no"?>
<ceml>
    <cem name="AspergillusFumigatusAbIgEACncPtSerQnLabObs" kind="statement" base="StandardLabObsQuantitative">
        <key code="AspergillusFumigatusAbIgEACncPtSerQn_KEY_CODE"></key>
        <constraint path="data.quantity.unit_valueset" value="ArbitraryConcentrationUnits_VALUESET_CODE"></constraint>
        <constraint path="data.quantity.unit_normal" value="KilointernationalUnitsPerLiter_CODE"></constraint>
    </cem>
    <info>
        <definition>AspergillusFumigatusAbIgEACncPtSerQnLabObs is the Clinical Element Model for standard laboratory test results/observations numeric results. LOINC Code: 6025-1.</definition>
    </info>
</ceml>