<?xml version="1.0" encoding="UTF-8" standalone="no"?>
<ceml>
    <cem name="AspergillusFumigatus2AbACncPtSerOrdImmuneDiffusionLabObs" kind="statement" base="StandardLabObsOrdinal">
        <key code="AspergillusFumigatus2AbACncPtSerOrdImmuneDiffusion_KEY_CODE"></key>
    </cem>
    <info>
        <definition>AspergillusFumigatus2AbACncPtSerOrdImmuneDiffusionLabObs is the Clinical Element Model for standard laboratory test results/observations ordinal results. LOINC Code: 30036-8.</definition>
    </info>
</ceml>