<?xml version="1.0" encoding="UTF-8" standalone="no"?>
<ceml>
    <cem name="AspergillusSpAbTitrPtSerQnCompFixLabObs" kind="statement" base="StandardLabObsQuantitative">
        <key code="AspergillusSpAbTitrPtSerQnCompFix_KEY_CODE"></key>
        <constraint path="data.quantity.unit_valueset" value="MeasuredEntityNonUnits_VALUESET_CODE"></constraint>
        <constraint path="data.quantity.unit_normal" value="Titer_CODE"></constraint>
    </cem>
    <info>
        <definition>AspergillusSpAbTitrPtSerQnCompFixLabObs is the Clinical Element Model for standard laboratory test results/observations numeric results. LOINC Code: 5053-4.</definition>
    </info>
</ceml>