<?xml version="1.0" encoding="UTF-8" standalone="no"?>
<ceml>
    <cem name="AspergillusFumigatus1AbACncPtSerOrdImmuneDiffusionLabObs" kind="statement" base="StandardLabObsOrdinal">
        <key code="AspergillusFumigatus1AbACncPtSerOrdImmuneDiffusion_KEY_CODE"></key>
    </cem>
    <info>
        <definition>AspergillusFumigatus1AbACncPtSerOrdImmuneDiffusionLabObs is the Clinical Element Model for standard laboratory test results/observations ordinal results. LOINC Code: 6808-0.</definition>
    </info>
</ceml>