<?xml version="1.0" encoding="UTF-8" standalone="no"?>
<ceml>
    <cem name="AssignedParticipatingLocation" kind="component">
        <key code="AssignedParticipatingLocation_KEY_CODE"></key>
        <qual type="EndTime" id="endTime" card="0-1"></qual>
        <qual type="StartTime" id="startTime" card="0-1"></qual>
        <qual type="PatientArrivalStatus" id="patientArrivalStatus" card="0-1"></qual>
        <qual type="LocationId" id="locationId" card="1"></qual>
    </cem>
    <info>
        <definition>AssignedParticipatingLocation is the assigned facility where the service is done. It may be a static building
		(or room therein) or a moving location (e.g. ambulance, helicopter, aircraft, train, truck, ship, etc.)</definition>
    </info>
</ceml>