<?xml version="1.0" encoding="UTF-8" standalone="no"?>
<ceml>
    <cem name="AssistedRespiratoryRateMeas" kind="statement">
        <key code="BreathsMechanicalOnVentilatorNRatPtPatientQn_KEY_CODE"></key>
        <data type="Quantity"></data>
        <qual type="MethodDevice" id="methodDevice" card="0-1"></qual>
        <qual type="BodyPosition" id="bodyPosition" card="0-1"></qual>
        <qual type="ReferenceRangeNar" id="referenceRangeNar" card="0-1"></qual>
        <qual type="RelativeTemporalContext" id="relativeTemporalContext" card="0-M"></qual>
        <mod type="Subject" id="subject" card="0-1"></mod>
        <att type="Observed" id="observed" card="0-1"></att>
        <att type="ReportedReceived" id="reportedReceived" card="0-1"></att>
        <att type="Verified" id="verified" card="0-1"></att>
        <constraint path="data.quantity.unit_valueset" value="NumberRateUnits_VALUESET_CODE"></constraint>
        <constraint path="data.quantity.unit_normal" value="BreathsPerMinute_CODE"></constraint>
        <constraint path="methodDevice.data.codableConcept.valueset" value="VentilatorMethodDevice_VALUESET_CODE"></constraint>
    </cem>
    <info>
        <definition>AssistedRespiratoryRateMeas model is a measurement model. A measurement model holds a "question" or a "test" in the key and holds a numeric value (PQ)or ordinal value (CO) answer in data. For example, in the HeartRateMeas model, the "question" or the "test" is "What is the heart rate measurement?", and the "answer" in data can be "100 bpm".
In the AssistedRespiratoryRateMeas model, the question is "what is the subject's rate of assisted ventilatory breaths?" and the numeric answer will expressed in breaths per minute. 
"AssistedRespiratoryRate" by definition means "breaths given to a subject by a mechanical ventilator".
 
The number of breaths per minute the patient received with assistance of the ventilator.</definition>
    </info>
</ceml>