<?xml version="1.0" encoding="UTF-8" standalone="no"?>
<ceml>
    <cem name="AssociatedAssessment" kind="component">
        <key code="AssociatedAssessment_KEY_CODE"></key>
        <data type="Quantity"></data>
        <constraint path="data.quantity.unit_valueset" value="UnitsOfMeasure_VALUESET_CODE"></constraint>
        <constraint path="data.codableConcept.valueset" value="CodedAssessment_VALUESET_CODE"></constraint>
        <constraint path="data.codedOrdinal.valueset" value="OrdinalAssessment_VALUESET_CODE"></constraint>
    </cem>
    <info>
        <definition>AssociatedAssessment model is a component that stores the accompanying measurement or evaluation observed by a clinician 
that is related to a clinical statement.</definition>
    </info>
</ceml>