<?xml version="1.0" encoding="UTF-8" standalone="no"?>
<ceml>
    <cem name="AssociatedSignAndSymptom" kind="component">
        <key code="AssociatedSignAndSymptom_KEY_CODE"></key>
        <data type="CodableConcept"></data>
        <constraint path="data.codableConcept.strength" value="CWE"></constraint>
        <constraint path="data.codableConcept.valueset" value="AssociatedSignAndSymptom_VALUESET_CODE"></constraint>
    </cem>
    <info>
        <definition>AssociatedSignAndSymptom is a component which captures the accompanying physical observations captured 
by a clinician or subjective conditions experienced by a patient that are related to a medical condition.</definition>
    </info>
</ceml>