<?xml version="1.0" encoding="UTF-8" standalone="no"?>
<ceml>
    <cem name="AssociatedAssertion" kind="component">
        <key code="AssociatedAssertion_KEY_CODE"></key>
        <data type="CodableConcept"></data>
        <constraint path="data.codableConcept.valueset" value="Assertion_VALUESET_CODE"></constraint>
    </cem>
    <info>
        <definition>AssociatedAssertion model is a component that stores the accompanying condition asserted by a clinician 
that is related to a clinical statement.</definition>
    </info>
</ceml>