<?xml version="1.0" encoding="UTF-8" standalone="no"?>
<ceml>
    <cem name="AtazanavirSuscPtIsolateOrdQnGenotypingLabObs" kind="statement" base="StandardLabObsQuantitative">
        <key code="AtazanavirSuscPtIsolateOrdQnGenotyping_KEY_CODE"></key>
    </cem>
    <info>
        <definition>AtazanavirSuscPtIsolateOrdQnGenotypingLabObs is the Clinical Element Model for standard laboratory test results/observations with a choice of coded ordinal or physical quantity result. LOINC Code: 41403-7</definition>
    </info>
</ceml>