<?xml version="1.0" encoding="UTF-8" standalone="no"?>
<ceml>
    <cem name="AtrialRateByEKGMeas" kind="statement">
        <key code="AtrialRateByEKG_KEY_CODE"></key>
        <data type="Quantity"></data>
        <qual type="MethodDevice" id="methodDevice" card="0-1"></qual>
        <qual type="BodyPosition" id="bodyPosition" card="0-1"></qual>
        <qual type="AbnormalInterpretation" id="abnormalInterpretation" card="0-1"></qual>
        <qual type="DeltaFlag" id="deltaFlag" card="0-1"></qual>
        <qual type="ReferenceRangeNar" id="referenceRangeNar" card="0-1"></qual>
        <qual type="Aggregate" id="aggregate" card="0-1"></qual>
        <qual type="RelativeTemporalContext" id="relativeTemporalContext" card="0-M"></qual>
        <mod type="Subject" id="subject" card="0-1"></mod>
        <att type="Observed" id="observed" card="0-1"></att>
        <att type="ReportedReceived" id="reportedReceived" card="0-1"></att>
        <att type="Verified" id="verified" card="0-1"></att>
        <constraint path="abnormalInterpretation.data.codableConcept.valueset" value="AbnormalInterpretationNumericNom_VALUESET_CODE"></constraint>
        <constraint path="deltaFlag.data.codableConcept.valueset" value="DeltaFlagNumericNom_VALUESET_CODE"></constraint>
        <constraint path="data.quantity.unit_valueset" value="NumberRateUnits_VALUESET_CODE"></constraint>
        <constraint path="data.quantity.unit_normal" value="PerMinute_CODE"></constraint>
    </cem>
    <info>
        <definition>AtrialRateByEKGMeas model is a measurement model. A measurement model holds a "question" or a "test" in the key and holds a numeric value (PQ)or ordinal value (CO) answer in data. For example, in the HeartRateMeas model, the "question" or the "test" is "What is the heart rate measurement?", and the "answer" in data can be "100 bpm".
In the AtrialRateByEKGMeas model, the question is "what is the subject's heart rate measured by electrocardiograph?" and the numeric answer will be experessed in beats per minute. 
"AtrialRateByEKG" by definition means the rate of atrial contraction as measured on an EKG (using the distance between P waves).</definition>
    </info>
</ceml>