<?xml version="1.0" encoding="UTF-8" standalone="no"?>
<ceml>
    <cem name="Attender" kind="component">
        <key code="Attender_KEY_CODE"></key>
        <item type="ProviderId" id="providerId" card="0-1"></item>
        <item type="ProviderName" id="providerName" card="0-1"></item>
        <item type="ProviderService" id="providerService" card="0-1"></item>
    </cem>
    <info>
        <definition>Attender is a practitioner that has responsibility for overseeing a patient's care during a patient encounter.</definition>
    </info>
</ceml>