<?xml version="1.0" encoding="UTF-8" standalone="no"?>
<ceml>
    <cem name="Attribution" kind="attribution" form="partial">
        <key code="Action_KEY_CODE"></key>
        <data type="CodableConcept"></data>
        <qual type="StartTime" id="startTime" card="0-1"></qual>
        <qual type="EndTime" id="endTime" card="0-1"></qual>
        <qual type="Participant" id="participant" card="0-M"></qual>
        <qual type="PatientLocation" id="patientLocation" card="0-1"></qual>
        <qual type="ProviderLocation" id="providerLocation" card="0-1"></qual>
        <qual type="Reason" id="reason" card="0-M"></qual>
        <qual type="ActionMethod" id="actionMethod" card="0-1"></qual>
        <constraint path="data.codableConcept.strength" value="CNE"></constraint>
        <constraint path="data.codableConcept.valueset" value="Attribution_VALUESET_CODE"></constraint>
    </cem>
    <info>
        <definition>Attribution is an abstract model for an attribution. Attributions contain information on the who/when/why/where for actions such as 
observed, documented, etc.</definition>
    </info>
</ceml>