<?xml version="1.0" encoding="UTF-8" standalone="no"?>
<ceml>
    <cem name="AureobasidiumPullulansAbIgEACncPtSerQnLabObs" kind="statement" base="StandardLabObsQuantitative">
        <key code="AureobasidiumPullulansAbIgEACncPtSerQn_KEY_CODE"></key>
        <constraint path="data.quantity.unit_valueset" value="SubstanceRateConcentrationUnits_VALUESET_CODE"></constraint>
        <constraint path="data.quantity.unit_normal" value="KilounitsPerLiter_CODE"></constraint>
    </cem>
    <info>
        <definition>AureobasidiumPullulansAbIgEACncPtSerQnLabObs is a Clinical Element model for the quantification of anti-Aureobasidium pullulans IgE antibodies.
LOINC code: 6029-3</definition>
    </info>
</ceml>