<?xml version="1.0" encoding="UTF-8" standalone="no"?>
<ceml>
    <cem name="AureobasidiumPullulansAbACncPtSerOrdImmuneDiffusionLabObs" kind="statement" base="StandardLabObsOrdinal">
        <key code="AureobasidiumPullulansAbACncPtSerOrdImmuneDiffusion_KEY_CODE"></key>
    </cem>
    <info>
        <definition>AureobasidiumPullulansAbACncPtSerOrdImmuneDiffusionLabObs is the Clinical Element Model for standard laboratory test results/observations ordinal results. LOINC Code: 6810-6.</definition>
    </info>
</ceml>