<?xml version="1.0" encoding="UTF-8" standalone="no"?>
<ceml>
    <cem name="AutopsyResultsAvailableAtTimeOfDeathCertificateCompletion" kind="component">
        <key code="AutopsyResultsAvailableAtTimeOfDeathCertificateCompletion_KEY_CODE"></key>
        <data type="CodableConcept"></data>
        <constraint path="data.codableConcept.strength" value="CWE"></constraint>
        <constraint path="data.codableConcept.valueset" value="YesNo_VALUESET_CODE"></constraint>
    </cem>
    <info>
        <definition>AutopsyResultsAvailableAtTimeOfDeathCertificateCompletion outlines whether or not the autopsy results were available at the time the death certificate was completed.</definition>
    </info>
</ceml>