<?xml version="1.0" encoding="UTF-8" standalone="no"?>
<ceml>
    <cem name="AutopsyPerformed" kind="component">
        <key code="AutopsyPerformed_KEY_CODE"></key>
        <data type="CodableConcept"></data>
        <qual type="AutopsyResultsAvailableAtTimeOfDeathCertificateCompletion" id="autopsyResultsAvailableAtTimeOfDeathCertificateCompletion" card="0-1"></qual>
        <constraint path="data.codableConcept.strength" value="CWE"></constraint>
        <constraint path="data.codableConcept.valueset" value="YesNoUnknown_VALUESET_CODE"></constraint>
    </cem>
    <info>
        <definition>AutopsyPerformed records whether an autopsy was perforemd on the expired patient.</definition>
    </info>
</ceml>