<?xml version="1.0" encoding="UTF-8" standalone="no"?>
<ceml>
    <cem name="AvenaSativaAbIgGMCncPtSerQnLabObs" kind="statement" base="StandardLabObsQuantitative">
        <key code="AvenaSativaAbIgGMCncPtSerQn_KEY_CODE"></key>
        <constraint path="data.quantity.unit_valueset" value="MassConcentrationUnits_VALUESET_CODE"></constraint>
    </cem>
    <info>
        <definition>AvenaSativaAbIgGMCncPtSerQnLabObs is a Clinical Element model to record the results of the allergy testing for Avena Sativa
antibody in serum.
LOINC code 51901-7</definition>
    </info>
</ceml>