<?xml version="1.0" encoding="UTF-8" standalone="no"?>
<ceml>
    <cem name="AverageGFRForAgeLabObs" kind="statement" base="StandardLabObsQuantitative">
        <key code="AverageGFRForAge_KEY_CODE"></key>
        <constraint path="data.quantity.unit_valueset" value="AreicVolumeRateUnit_VALUESET_CODE"></constraint>
        <constraint path="data.quantity.unit_normal" value="MillilitersPerMinutePer1Point73SquareMeter_CODE"></constraint>
    </cem>
    <info>
        <definition>AverageGFRForAgeLabObs is the Clinical Element Model for standard laboratory test results/observations numeric results. LOINC Code: none.</definition>
    </info>
</ceml>