<?xml version="1.0" encoding="UTF-8" standalone="no"?>
<ceml>
    <cem name="AvulsionAssert" kind="statement" base="ClinicalAssert">
        <qual type="BodyLocation" id="bodyLocation" card="0-M"></qual>
        <qual type="AlleviatingFactor" id="alleviatingFactor" card="0-M"></qual>
        <qual type="ExacerbatingFactor" id="exacerbatingFactor" card="0-M"></qual>
        <qual type="Course" id="course" card="0-1"></qual>
        <qual type="Severity" id="severity" card="0-1"></qual>
        <qual type="MechanismOfInjury" id="mechanismOfInjury" card="0-M"></qual>
        <constraint path="data.codableConcept.code" value="Avulsion_CODE"></constraint>
        <constraint path="bodyLocation.data.codableConcept.valueset" value="SkinBodyLocation_VALUESET_CODE"></constraint>
    </cem>
    <info>
        <definition>AvulsionAssert is an assertion model. In an assertion model, the key is set to "Assertion_KEY_ECID", and data is the condition being asserted. 
For example, the AbdominalTendernessAssert model has a key of "Assertion_KEY_ECID" and a data of "AbdominalTenderness_ECID".
In the AvulsionAssert model, data is Avulsion_ECID which means an injury where all of a body structure is stripped away, most commonly referring to the 
stripping away of all of the skin layers in an injury.</definition>
    </info>
</ceml>