<?xml version="1.0" encoding="UTF-8" standalone="no"?>
<ceml>
    <cem name="BAbTitrPtSerPlasQnAntihumanGlobulinLabObs" kind="statement" base="StandardLabObsQuantitative">
        <key code="BAbTitrPtSerPlasQnAntihumanGlobulin_KEY_CODE"></key>
        <constraint path="data.quantity.unit_valueset" value="UnitsOfMeasure_VALUESET_CODE"></constraint>
    </cem>
    <info>
        <definition>BAbTitrPtSerPlasQnAntihumanGlobulinLabObs is the Clinical Element Model for standard laboratory test results/observations numeric results. LOINC Code: 34464-8.</definition>
    </info>
</ceml>