<?xml version="1.0" encoding="UTF-8" standalone="no"?>
<ceml>
    <cem name="BacterialMethicillinResistanceMecAGeneACncPtXXXOrdProbeAmpTarLabObs" kind="statement" base="StandardLabObsOrdinal">
        <key code="BacterialMethicillinResistanceMecAGeneACncPtXXXOrdProbeAmpTar_KEY_CODE"></key>
    </cem>
    <info>
        <definition>BacterialMethicillinResistanceMecAGeneACncPtXXXOrdProbeAmpTarLabObs is the Clinical Element model for the detection
 of the Methicillin resistant MECA gene.  Values are Detected and Not Detected.
 LOINC code: 48813-0</definition>
    </info>
</ceml>