<?xml version="1.0" encoding="UTF-8" standalone="no"?>
<ceml>
    <cem name="BacterialIsolatePanel" kind="panel" base="MicroIsolatePanel">
        <key code="BacterialIsolatePanel_KEY_CODE"></key>
        <item type="KirbyBauerSusceptibilityLabObs" id="kirbyBauerSusceptibilityLabObs" card="0-M"></item>
        <item type="MinBacterialcidalSusceptibilityLabObs" id="minBacterialcidalSusceptibilityLabObs" card="0-M"></item>
        <item type="MinInhibitorySusceptibilityLabObs" id="minInhibitorySusceptibilityLabObs" card="0-M"></item>
        <item type="SynergySusceptibilityLabObs" id="synergySusceptibilityLabObs" card="0-M"></item>
        <constraint path="microOrganismEval.data.codableConcept.valueset" value="BacterialMicroOrganism_VALUESET_CODE"></constraint>
        <constraint path="microOrganismEval.microOrganismQuantitative.data.codableConcept.valueset" value="BacterialMicroGrowthQuantitative_VALUESET_CODE"></constraint>
        <constraint path="microOrganismEval.microOrganismQualitative.data.codableConcept.valueset" value="BacterialMicroObsQualitative_VALUESET_CODE"></constraint>
    </cem>
    <info>
        <definition>BacterialIsolatePanel is a panel which captures all of the information regarding microbiology bacterial 
isolate findings such as susceptabilities to antibiotics.</definition>
    </info>
</ceml>