<?xml version="1.0" encoding="UTF-8" standalone="no"?>
<ceml>
    <cem name="BagMaskAtBedsideAssert" kind="statement" base="ObservationAssert">
        <constraint path="data.codableConcept.strength" value="CNE"></constraint>
        <constraint path="data.codableConcept.code" value="BagMaskAtBedside_CODE"></constraint>
    </cem>
    <info>
        <definition>BagMaskAtBedsideAssert is an assertion model. In an assertion model, the key is set to "Assertion_KEY_ECID", and data is the condition being asserted. 
For example, the AbdominalTendernessAssert model has a key of "Assertion_KEY_ECID" and a data of "AbdominalTenderness_ECID".
In the BagMaskAtBedsideAssert model, data is BagMaskAtBedside_ECID which means a respiratory bag and mask are available at the bedside in case of the need for assisted ventilation.</definition>
    </info>
</ceml>