<?xml version="1.0" encoding="UTF-8" standalone="no"?>
<ceml>
    <cem name="BariumMCncPtSerPlasQnLabObs" kind="statement" base="StandardLabObsQuantitative">
        <key code="BariumMCncPtSerPlasQn_KEY_CODE"></key>
        <constraint path="data.quantity.unit_valueset" value="UnitsOfMeasure_VALUESET_CODE"></constraint>
    </cem>
    <info>
        <definition>BariumMCncPtSerPlasQnLabObs is the Clinical Element Model for standard laboratory test results/observations numeric results. LOINC Code: 5589-7.</definition>
    </info>
</ceml>