<?xml version="1.0" encoding="UTF-8" standalone="no"?>
<ceml>
    <cem name="BarrierToLearningEval" kind="statement">
        <key code="BarrierToLearning_KEY_CODE"></key>
        <data type="CodableConcept"></data>
        <qual type="CommunicationAid" id="communicationAid" card="0-1"></qual>
        <qual type="RelativeTemporalContext" id="relativeTemporalContext" card="0-M"></qual>
        <qual type="PatientPrecondition" id="patientPrecondition" card="0-M"></qual>
        <mod type="Subject" id="subject" card="0-1"></mod>
        <att type="Observed" id="observed" card="0-1"></att>
        <att type="ReportedReceived" id="reportedReceived" card="0-1"></att>
        <att type="Verified" id="verified" card="0-1"></att>
        <constraint path="data.codableConcept.strength" value="CWE"></constraint>
        <constraint path="data.codableConcept.valueset" value="BarrierToLearning_VALUESET_CODE"></constraint>
    </cem>
    <info>
        <definition>BarrierToLearningEval model is an evaluation model. An evaluation model holds a "question" in the key and holds a coded value (CD) answer in data. For example, in the HairColorEval model, the "question" is "What is the hair color evaluation?", and the "answer" in data can be "White".
In the BarrierToLearningEval model, the question is "what are the subject's barriers to learning'?" and the coded answers can be 'language','hearing', and 'vision' etc.
"BarrierToLearning" by definition means "any deficit or reason why the subject may have difficulty learning".</definition>
    </info>
</ceml>