<?xml version="1.0" encoding="UTF-8" standalone="no"?>
<ceml>
    <cem name="BartonellaHenselaeAbIgMTitrPtSerQnIFLabObs" kind="statement" base="StandardLabObsQuantitative">
        <key code="BartonellaHenselaeAbIgMTitrPtSerQnIF_KEY_CODE"></key>
        <constraint path="data.quantity.unit_valueset" value="MeasuredEntityNonUnits_VALUESET_CODE"></constraint>
        <constraint path="data.quantity.unit_normal" value="Titer_CODE"></constraint>
    </cem>
    <info>
        <definition>BartonellaHenselaeAbIgMTitrPtSerQnIFLabObs is the Clinical Element Model for standard laboratory test results/observations numeric results. LOINC Code: 6955-9.</definition>
    </info>
</ceml>