<?xml version="1.0" encoding="UTF-8" standalone="no"?>
<ceml>
    <cem name="BartonellaHenselaeAbIgGTitrPtSerQnIFLabObs" kind="statement" base="StandardLabObsQuantitative">
        <key code="BartonellaHenselaeAbIgGTitrPtSerQnIF_KEY_CODE"></key>
        <constraint path="data.quantity.unit_valueset" value="MeasuredEntityNonUnits_VALUESET_CODE"></constraint>
        <constraint path="data.quantity.unit_normal" value="Titer_CODE"></constraint>
    </cem>
    <info>
        <definition>BartonellaHenselaeAbIgGTitrPtSerQnIFLabObs is the Clinical Element Model for standard laboratory test results/observations numeric results. LOINC Code: 6954-2.</definition>
    </info>
</ceml>