<?xml version="1.0" encoding="UTF-8" standalone="no"?>
<ceml>
    <cem name="BaselinePlateletFunctionPtBldQnLabObs" kind="statement" base="StandardLabObsQuantitative">
        <key code="BaselinePlateletFunctionPtBldQn_KEY_CODE"></key>
        <constraint path="data.quantity.unit_valueset" value="ArbitraryUnits_VALUESET_CODE"></constraint>
        <constraint path="data.quantity.unit_normal" value="P2Y12ReactionUnits_CODE"></constraint>
    </cem>
    <info>
        <definition>BaselinePlateletFunctionPtBldQnLabObs is a Clinical Element model for the quantification of a baseline platelet
 activity for patients taking Clopidogrel (Plavix). Currently there are no units of measure reported with this test.
 LOINC code: Not able to map to LOINC at this time</definition>
    </info>
</ceml>