<?xml version="1.0" encoding="UTF-8" standalone="no"?>
<ceml>
    <cem name="BaseDeficitSCncPtBldCoVQnLabObs" kind="statement" base="StandardLabObsQuantitative">
        <key code="BaseDeficitSCncPtBldCoVQn_KEY_CODE"></key>
        <constraint path="data.quantity.unit_valueset" value="SubstanceConcentrationUnits_VALUESET_CODE"></constraint>
        <constraint path="data.quantity.unit_normal" value="MillimolesPerLiter_CODE"></constraint>
    </cem>
    <info>
        <definition>BaseDeficitSCncPtBldCoVQnLabObs is the Clinical Element Model for standard laboratory test results/observations numeric results. LOINC Code: 28637-7.</definition>
    </info>
</ceml>