<?xml version="1.0" encoding="UTF-8" standalone="no"?>
<ceml>
    <cem name="BaseExcessSCncPtBldMVQnLabObs" kind="statement" base="StandardLabObsQuantitative">
        <key code="BaseExcessSCncPtBldMVQn_KEY_CODE"></key>
        <constraint path="data.quantity.unit_valueset" value="SubstanceConcentrationUnits_VALUESET_CODE"></constraint>
        <constraint path="data.quantity.unit_normal" value="MillimolesPerLiter_CODE"></constraint>
    </cem>
    <info>
        <definition>BaseExcessSCncPtBldMVQnLabObs is the Clinical Element Model for standard laboratory test results/observations numeric results. LOINC Code: 19234-4.</definition>
    </info>
</ceml>