<?xml version="1.0" encoding="UTF-8" standalone="no"?>
<ceml>
    <cem name="BasementMembraneAbIgGACncPtSerQnIFLabObs" kind="statement" base="StandardLabObsQuantitative">
        <key code="BasementMembraneAbIgGACncPtSerQnIF_KEY_CODE"></key>
        <constraint path="data.quantity.unit_valueset" value="ArbitraryConcentrationUnits_VALUESET_CODE"></constraint>
        <constraint path="data.quantity.unit_normal" value="AbsorbanceUnitsPerMilliliter_CODE"></constraint>
    </cem>
    <info>
        <definition>BasementMembraneAbIgGACncPtSerQnIFLabObs is the Clinical Element Model for standard laboratory test results/observations numeric results. LOINC Code: 44446-3.</definition>
    </info>
</ceml>