<?xml version="1.0" encoding="UTF-8" standalone="no"?>
<ceml>
    <cem name="BasicExamEval" kind="statement">
        <key valueset="BasicExam_KEY_VALUESET_CODE"></key>
        <data type="CodableConcept"></data>
        <qual type="RelativeTemporalContext" id="relativeTemporalContext" card="0-M"></qual>
        <qual type="Aggregate" id="aggregate" card="0-1"></qual>
        <mod type="Subject" id="subject" card="0-1"></mod>
        <att type="Observed" id="observed" card="0-1"></att>
        <att type="ReportedReceived" id="reportedReceived" card="0-1"></att>
        <att type="Verified" id="verified" card="0-1"></att>
        <constraint path="data.codableConcept.strength" value="CWE"></constraint>
        <constraint path="data.codableConcept.valueset" value="NormalAbnormal_VALUESET_CODE"></constraint>
    </cem>
    <info>
        <definition>BasicExamEval model is an impression model. An impression model holds a "question" in the key and holds a coded value (CD) of  normal ,  abnormal  or  unremarkable  in data. For example, in the ExtremityExaminationImp model, the "question" is "What is the impression of the extremity examination?", and the "answer" in data can be "Normal", "Abnormal", or "Unremarkable".
In the BasicExamEval model, the question is "what is the impression of subject's basic medical examination" and the coded answer can be "Normal", "Abnormal", or "Unremarkable".</definition>
    </info>
</ceml>