<?xml version="1.0" encoding="UTF-8" standalone="no"?>
<ceml>
    <cem name="BasophilicStipplingACncPtBldOrdMicroscopyLightLabObs" kind="statement" base="StandardLabObsOrdinal">
        <key code="BasophilicStipplingACncPtBldOrdMicroscopyLight_KEY_CODE"></key>
    </cem>
    <info>
        <definition>BasophilicStipplingACncPtBldOrdMicroscopyLightLabObs is the Clinical Element Model for standard laboratory test results/observations ordinal results. LOINC Code: 703-9.</definition>
    </info>
</ceml>