<?xml version="1.0" encoding="UTF-8" standalone="no"?>
<ceml>
    <cem name="Basophils100CellsNFrPtBoneMarQnMicroscopyLabObs" kind="statement" base="StandardLabObsQuantitative">
        <key code="Basophils100CellsNFrPtBoneMarQnMicroscopy_KEY_CODE"></key>
        <constraint path="data.quantity.unit_valueset" value="GeneralFractionUnits_VALUESET_CODE"></constraint>
        <constraint path="data.quantity.unit_normal" value="Percent_CODE"></constraint>
    </cem>
    <info>
        <definition>Basophils100CellsNFrPtBoneMarQnMicroscopyLabObs is the Clinical Element Model for standard laboratory test results/observations numeric results. LOINC Code: 11105-4.</definition>
    </info>
</ceml>