<?xml version="1.0" encoding="UTF-8" standalone="no"?>
<ceml>
    <cem name="BasophilsNCncPtBldQnAutomatedCountLabObs" kind="statement" base="StandardLabObsQuantitative">
        <key code="BasophilsNCncPtBldQnAutomatedCount_KEY_CODE"></key>
        <constraint path="data.quantity.unit_valueset" value="NumberConcentrationUnits_VALUESET_CODE"></constraint>
        <constraint path="data.quantity.unit_normal" value="ThousandsPerMicroliter_CODE"></constraint>
    </cem>
    <info>
        <definition>BasophilsNCncPtBldQnAutomatedCountLabObs is the Clinical Element Model for standard laboratory test results/observations numeric results. LOINC Code: 704-7.</definition>
    </info>
</ceml>