<?xml version="1.0" encoding="UTF-8" standalone="no"?>
<ceml>
    <cem name="BCRMinusABL1MajMolecularRespAchievedArbPtBldTissOrdMolgenLabObs" kind="statement" base="StandardLabObsOrdinal">
        <key code="BCRMinusABL1MajMolecularRespAchievedArbPtBldTissOrdMolgen_KEY_CODE"></key>
    </cem>
    <info>
        <definition>BCRMinusABL1MajMolecularRespAchievedArbPtBldTissOrdMolgenLabObs is a Clinical Element Model to record if molecular response was achieved.
LOINC number: requested from Regenstrief</definition>
    </info>
</ceml>