<?xml version="1.0" encoding="UTF-8" standalone="no"?>
<ceml>
    <cem name="BehaviorFindingsPostEventEval" kind="statement">
        <key code="BehaviorFindingsPostEvent_KEY_CODE"></key>
        <data type="CodableConcept"></data>
        <qual type="AbnormalInterpretation" id="abnormalInterpretation" card="0-1"></qual>
        <qual type="DeltaFlag" id="deltaFlag" card="0-1"></qual>
        <qual type="Aggregate" id="aggregate" card="0-1"></qual>
        <qual type="RelativeTemporalContext" id="relativeTemporalContext" card="0-M"></qual>
        <qual type="PatientPrecondition" id="patientPrecondition" card="0-M"></qual>
        <mod type="Subject" id="subject" card="0-1"></mod>
        <att type="Observed" id="observed" card="0-1"></att>
        <att type="ReportedReceived" id="reportedReceived" card="0-1"></att>
        <att type="Verified" id="verified" card="0-1"></att>
        <constraint path="data.codableConcept.strength" value="CWE"></constraint>
        <constraint path="data.codableConcept.valueset" value="BehaviorFindings_VALUESET_CODE"></constraint>
        <constraint path="abnormalInterpretation.data.codableConcept.valueset" value="AbnormalInterpretationCodedNom_VALUESET_CODE"></constraint>
        <constraint path="deltaFlag.data.codableConcept.valueset" value="DeltaFlagCodedNom_VALUESET_CODE"></constraint>
    </cem>
    <info>
        <definition>BehaviorFindingsPostEventEval model is an evaluation model. An evaluation model holds a "question" in the key and holds a coded value (CD) answer in data. For example, in the HairColorEval model, the "question" is "What is the hair color evaluation?", and the "answer" in data can be "White".
In the BehaviorFindingsPostEventEval model, the question is "what behavioral findings did the subject exhibit after an event?" and the coded answers can be 'confused','not responding', and 'combative' etc.
"BehaviorFindingsPostEvent" by definition means " Observed indicators of the mental state of a subject after a procedure or event."</definition>
    </info>
</ceml>