<?xml version="1.0" encoding="UTF-8" standalone="no"?>
<ceml>
    <cem name="BehaviorFindingsPanel" kind="panel">
        <key code="BehaviorFindingsPanel_KEY_CODE"></key>
        <item type="BehaviorFindingsPreEventEval" id="behaviorFindingsPreEventEval" card="0-M"></item>
        <item type="BehaviorFindingsPostEventEval" id="behaviorFindingsPostEventEval" card="0-M"></item>
        <qual type="AbnormalInterpretation" id="abnormalInterpretation" card="0-1"></qual>
        <qual type="DeltaFlag" id="deltaFlag" card="0-1"></qual>
        <qual type="Aggregate" id="aggregate" card="0-1"></qual>
        <qual type="RelativeTemporalContext" id="relativeTemporalContext" card="0-M"></qual>
        <qual type="PatientPrecondition" id="patientPrecondition" card="0-M"></qual>
        <mod type="Subject" id="subject" card="0-1"></mod>
        <att type="Observed" id="observed" card="0-1"></att>
        <att type="ReportedReceived" id="reportedReceived" card="0-1"></att>
        <att type="Verified" id="verified" card="0-1"></att>
        <constraint path="abnormalInterpretation.data.codableConcept.valueset" value="AbnormalInterpretationCodedNom_VALUESET_CODE"></constraint>
        <constraint path="deltaFlag.data.codableConcept.valueset" value="DeltaFlagCodedNom_VALUESET_CODE"></constraint>
    </cem>
    <info>
        <definition>BehaviorFindingsEval is for observed indicators of mental state of a subject before, during or after an event.</definition>
    </info>
</ceml>