<?xml version="1.0" encoding="UTF-8" standalone="no"?>
<ceml>
    <cem name="BendiocarbMCncPtSerPlasQnLabObs" kind="statement" base="StandardLabObsQuantitative">
        <key code="BendiocarbMCncPtSerPlasQn_KEY_CODE"></key>
        <constraint path="data.quantity.unit_valueset" value="UnitsOfMeasure_VALUESET_CODE"></constraint>
    </cem>
    <info>
        <definition>BendiocarbMCncPtSerPlasQnLabObs is the Clinical Element Model for standard laboratory test results/observations numeric results. LOINC Code: 9684-2.</definition>
    </info>
</ceml>