<?xml version="1.0" encoding="UTF-8" standalone="no"?>
<ceml>
    <cem name="BenzodiazepinesMCntPtMeconiumQnLabObs" kind="statement" base="StandardLabObsQuantitative">
        <key code="BenzodiazepinesMCntPtMeconiumQn_KEY_CODE"></key>
        <constraint path="data.quantity.unit_valueset" value="MassRatioOrMassFractionOrMassContentUnits_VALUESET_CODE"></constraint>
        <constraint path="data.quantity.unit_normal" value="NanogramsPerGram_CODE"></constraint>
    </cem>
    <info>
        <definition>BenzodiazepinesMCntPtMeconiumQnLabObs is the Clinical Element Model for standard laboratory test results/observations numeric results. LOINC Code: 29160-9.</definition>
    </info>
</ceml>