<?xml version="1.0" encoding="UTF-8" standalone="no"?>
<ceml>
    <cem name="BetaGalactosidaseCCntPtTSMIQnLabObs" kind="statement" base="StandardLabObsQuantitative">
        <key code="BetaGalactosidaseCCntPtTSMIQn_KEY_CODE"></key>
        <constraint path="data.quantity.unit_valueset" value="SubstanceContentRateUnits_VALUESET_CODE"></constraint>
        <constraint path="data.quantity.unit_normal" value="MicromolesPerMinutePerGramProtein_CODE"></constraint>
    </cem>
    <info>
        <definition>BetaGalactosidaseCCntPtTSMIQnLabObs is the Clinical Element Model for standard laboratory test results/observations numeric results. LOINC Code: 30319-8.</definition>
    </info>
</ceml>