<?xml version="1.0" encoding="UTF-8" standalone="no"?>
<ceml>
    <cem name="BetaMinus2MinusMicroglobulinCreatinineMCrtoPtUrineQnLabObs" kind="statement" base="StandardLabObsQuantitative">
        <key code="BetaMinus2MinusMicroglobulinCreatinineMCrtoPtUrineQn_KEY_CODE"></key>
        <constraint path="data.quantity.unit_valueset" value="MassRatioOrMassFractionOrMassContentUnits_VALUESET_CODE"></constraint>
        <constraint path="data.quantity.unit_normal" value="MicrogramsPerGramCreatinine_CODE"></constraint>
    </cem>
    <info>
        <definition>BetaMinus2MinusMicroglobulinCreatinineMCrtoPtUrineQnLabObs is the Clinical Element Model for standard laboratory test results/observations numeric results. LOINC Code: 13485-8.</definition>
    </info>
</ceml>