<?xml version="1.0" encoding="UTF-8" standalone="no"?>
<ceml>
    <cem name="BetaHydroxybutyrateMCncPtSerPlasQnLabObs" kind="statement" base="StandardLabObsQuantitative">
        <key code="BetaHydroxybutyrateMCncPtSerPlasQn_KEY_CODE"></key>
        <constraint path="data.quantity.unit_valueset" value="MassConcentrationUnits_VALUESET_CODE"></constraint>
        <constraint path="data.quantity.unit_normal" value="MilligramsPerDeciliter_CODE"></constraint>
    </cem>
    <info>
        <definition>BetaHydroxybutyrateMCncPtSerPlasQnLabObs is the Clinical Element Model for standard laboratory test results/observations numeric results. LOINC Code: 29512-1.</definition>
    </info>
</ceml>