<?xml version="1.0" encoding="UTF-8" standalone="no"?>
<ceml>
    <cem name="Beta2Glycoprotein1AbIgMACncPtSerQnEIALabObs" kind="statement" base="StandardLabObsQuantitative">
        <key code="Beta2Glycoprotein1AbIgMACncPtSerQnEIA_KEY_CODE"></key>
        <constraint path="data.quantity.unit_valueset" value="MixedMeasuredEntityAndUnits_VALUESET_CODE"></constraint>
        <constraint path="data.quantity.unit_normal" value="StandardIgMUnits_CODE"></constraint>
    </cem>
    <info>
        <definition>Beta2Glycoprotein1AbIgMACncPtSerQnEIALabObs is the Clinical Element Model for standard laboratory test results/observations numeric results. LOINC Code: 44449-7.</definition>
    </info>
</ceml>