<?xml version="1.0" encoding="UTF-8" standalone="no"?>
<ceml>
    <cem name="BetaGlucuronidaseCCncPtCSFQnLabObs" kind="statement" base="StandardLabObsQuantitative">
        <key code="BetaGlucuronidaseCCncPtCSFQn_KEY_CODE"></key>
        <constraint path="data.quantity.unit_valueset" value="SubstanceRateConcentrationUnits_VALUESET_CODE"></constraint>
        <constraint path="data.quantity.unit_normal" value="MilliunitsPerLiter_CODE"></constraint>
    </cem>
    <info>
        <definition>BetaGlucuronidaseCCncPtCSFQnLabObs is the Clinical Element Model for standard laboratory test results/observations numeric results. LOINC Code: 11209-4.</definition>
    </info>
</ceml>