<?xml version="1.0" encoding="UTF-8" standalone="no"?>
<ceml>
    <cem name="BetaMinus2MinusMicroglobulinMCncPtSerQnLabObs" kind="statement" base="StandardLabObsQuantitative">
        <key code="BetaMinus2MinusMicroglobulinMCncPtSerQn_KEY_CODE"></key>
        <constraint path="data.quantity.unit_valueset" value="MassConcentrationUnits_VALUESET_CODE"></constraint>
        <constraint path="data.quantity.unit_normal" value="MilligramsPerLiter_CODE"></constraint>
    </cem>
    <info>
        <definition>BetaMinus2MinusMicroglobulinMCncPtSerQnLabObs is the Clinical Element Model for standard laboratory test results/observations numeric results. LOINC Code: 1952-1.</definition>
    </info>
</ceml>