<?xml version="1.0" encoding="UTF-8" standalone="no"?>
<ceml>
    <cem name="BicarbonateSCncPtBldCoVQnLabObs" kind="statement" base="StandardLabObsQuantitative">
        <key code="BicarbonateSCncPtBldCoVQn_KEY_CODE"></key>
        <constraint path="data.quantity.unit_valueset" value="SubstanceConcentrationUnits_VALUESET_CODE"></constraint>
        <constraint path="data.quantity.unit_normal" value="MillimolesPerLiter_CODE"></constraint>
    </cem>
    <info>
        <definition>BicarbonateSCncPtBldCoVQnLabObs is the Clinical Element Model for standard laboratory test results/observations numeric results. LOINC Code: 28641-9.</definition>
    </info>
</ceml>