<?xml version="1.0" encoding="UTF-8" standalone="no"?>
<ceml>
    <cem name="BicarbonateSCncPtBldCQnLabObs" kind="statement" base="StandardLabObsQuantitative">
        <key code="BicarbonateSCncPtBldCQn_KEY_CODE"></key>
        <constraint path="data.quantity.unit_valueset" value="SubstanceConcentrationUnits_VALUESET_CODE"></constraint>
        <constraint path="data.quantity.unit_normal" value="MillimolesPerLiter_CODE"></constraint>
    </cem>
    <info>
        <definition>BicarbonateSCncPtBldCQnLabObs is the Clinical Element Model for standard laboratory test results/observations numeric results. LOINC Code: 1961-2.</definition>
    </info>
</ceml>