<?xml version="1.0" encoding="UTF-8" standalone="no"?>
<ceml>
    <cem name="BiliaryDrainOutputPanel" kind="panel" base="OutputFluidPanel">
        <key code="BiliaryDrainOutputPanel_KEY_CODE"></key>
        <item type="BiliaryDrainOutputVolumeMeas" id="biliaryDrainOutputVolumeMeas" card="1"></item>
        <item type="BiliaryFluidDescriptionEval" id="biliaryFluidDescriptionEval" card="0-M"></item>
        <constraint path="methodDevice.data.codableConcept.valueset" value="BiliaryDrainMethodDevice_VALUESET_CODE"></constraint>
        <constraint path="bodyLocationPrecoord.data.codableConcept.valueset" value="BiliaryDrainBodyLocationPrecoord_VALUESET_CODE"></constraint>
    </cem>
    <info>
        <definition>BiliaryDrainOutputPanel is a panel model that contains items representing the volume and description of Biliary Drain Output Fluid: fluid from a drain placed near the common bile duct of the gall bladder.</definition>
    </info>
</ceml>