<?xml version="1.0" encoding="UTF-8" standalone="no"?>
<ceml>
    <cem name="BiliaryFluidDescriptionEval" kind="statement" base="FluidDescriptionEval">
        <key code="BiliaryFluidDescription_KEY_CODE"></key>
        <constraint path="data.codableConcept.valueset" value="BiliaryFluidDescription_VALUESET_CODE"></constraint>
        <constraint path="methodDevice.data.codableConcept.valueset" value="BiliaryDrainMethodDevice_VALUESET_CODE"></constraint>
        <constraint path="bodyLocationPrecoord.data.codableConcept.valueset" value="BiliaryDrainBodyLocationPrecoord_VALUESET_CODE"></constraint>
    </cem>
    <info>
        <definition></definition>
    </info>
</ceml>