<?xml version="1.0" encoding="UTF-8" standalone="no"?>
<ceml>
    <cem name="BilirubinACncPtAmnioFldOrdDirectSpectrophotometryLabObs" kind="statement" base="StandardLabObsOrdinal">
        <key code="BilirubinACncPtAmnioFldOrdDirectSpectrophotometry_KEY_CODE"></key>
    </cem>
    <info>
        <definition>BilirubinACncPtAmnioFldOrdDirectSpectrophotometryLabObs is the Clinical Element Model for standard laboratory test results/observations ordinal results. LOINC Code: 43887-9.</definition>
    </info>
</ceml>