<?xml version="1.0" encoding="UTF-8"?>
<?schematron-schema href="../main/schematron/knowledgeartifact.sch"?>
<?schematron-schema href="../main/schematron/ecarules.sch"?>
<knowledgeDocument xmlns="urn:hl7-org:knowledgeartifact:r1"
	xmlns:vmr="urn:hl7-org:vmr:r2"
	xmlns:dt="urn:hl7-org:cdsdt:r2" xmlns:p1="http://www.w3.org/1999/xhtml"
	xmlns:xml="http://www.w3.org/XML/1998/namespace" xmlns:xsi="http://www.w3.org/2001/XMLSchema-instance"
	xsi:schemaLocation="urn:hl7-org:knowledgeartifact:r1 schema\knowledgeartifact\knowledgedocument.xsd">	
	<metadata>
		<identifiers>
			<identifier root="24hrECGStudy" version="1.0" />
		</identifiers>
		<artifactType value="Rule"/>
		<schemaIdentifier root="urn:hl7-org:knowledgeartifact:r1" version="1.0" />	
		<dataModels>
			<modelReference>
				<description value="Virtual Medical Record model" />
				<referencedModel value="urn:hl7-org:vmr:r2"/>
			</modelReference>
		</dataModels>
		<title value="Notify the physician the patient has completed a 24-hour ECG study."/>
		<description value="When any patient completes a 24-hour ECG test, notify the cardiologist."/>
		<keyTerms>
			<term><dt:originalText value="ECG"/></term>
			<term><dt:originalText value="cardiology"/></term>
			<term><dt:originalText value="SNOMED"/></term>
			<term><dt:originalText value="IHTSDO"/></term>
			<term><dt:originalText value="Study"/></term>
			<term><dt:originalText value="ECG"/></term>
			<term><dt:originalText value="LOINC"/></term>
			<term><dt:originalText value="Regenstrief"/></term>
		</keyTerms>
		<status value="Draft" />
		<eventHistory>
			<artifactLifeCycleEvent>
				<eventType value="Created" />
				<eventDateTime value="20140502" />
			</artifactLifeCycleEvent>
			<artifactLifeCycleEvent>
				<eventType value="Pre-published" />
				<eventDateTime value="20140503" />
			</artifactLifeCycleEvent>
		</eventHistory>		
		<contributions>
			<contribution>
				<contributor xsi:type="Organization">
					<addresses>
						<address>
							<dt:part type="SAL" value="750 Main Street Ste 802" />
							<dt:part type="CTY" value="Hartford" />
							<dt:part type="ZIP" value="06103" />
							<dt:part type="STA" value="CT" />
							<dt:part type="CNT" value="USA" />
						</address>
					</addresses>
					<contacts>
					<contact value="203-431-2530" use="WP" capabilities="voice" />
					<contact value="203-431-2523" use="WP" capabilities="fax" />
					</contacts>
				<name value="Apelon" />
				</contributor>
				<role value="Author"/>
			</contribution>
			<contribution>
				<contributor xsi:type="Organization">
					<addresses>
						<address>
						<dt:part type="CTY" value="Washington, DC" />
						<dt:part type="ZIP" value="20420" />
						<dt:part type="CNT" value="USA" />
						</address>
					</addresses>
					<contacts>
					<contact value="877-234-5678" use="WP" />
					</contacts>
				<name value="VHA" />
				</contributor>
				<role value="Reviewer"/>
			</contribution>
		</contributions>
		<publishers>
			<publisher xsi:type="Organization">
				<addresses>
					<address>
						<dt:part type="CTY" value="Washington, DC" />
						<dt:part type="ZIP" value="20420" />
						<dt:part type="CNT" value="USA" />
					</address>
				</addresses>
				<contacts>
					<contact value="877-234-5678" use="WP" />
				</contacts>
				<name value="VHA" />
			</publisher>
		</publishers>
		<usageTerms>
			<rightsDeclaration>
				<assertedRights value="Copyright (2014), US Department of Veterans Affairs" />
				<rightsHolder xsi:type="Organization">
					<addresses>
						<address>
							<dt:part type="CTY" value="Washington, DC" />
							<dt:part type="ZIP" value="20420" />
							<dt:part type="CNT" value="USA" />
						</address>
					</addresses>
					<contacts>
						<contact value="877-234-5678" use="WP" />
					</contacts>
					<name value="VHA" />
				</rightsHolder>
			</rightsDeclaration>
		</usageTerms>
	</metadata>
	<externalData>
		<def name="Patient">
			<expression xsi:type="ClinicalRequest" cardinality="Single"
				dataType="vmr:EvaluatedPerson" isInitial="true">
				<description>Patient object of patient who has been evaluated.</description>
			</expression>
		</def>
		<def name="24hrECGStudyConcludes">
			<expression xsi:type="ClinicalRequest" cardinality="Multiple"
				dataType="vmr:ProcedureOrder" dateProperty="ProcedureTime.end" codeProperty="ProcedureCode"
				isInitial="true">
				<description>24 hour ECG test is complete.</description>
				<codes xsi:type="List">
					<element xsi:type="CodeLiteral" code="252417001"
						codeSystem="2.16.840.1.113883.6.96" codeSystemName="SNOMED-CT"
						displayName="24 Hour electrocardiogram (procedure)" />
					<element xsi:type="CodeLiteral" code="18754-2"
						codeSystem="2.16.840.1.113883.6.1" codeSystemName="LOINC"
						displayName="Holter monitor study" />
				</codes>
			</expression>
		</def>
	</externalData>
	<conditions>
		<condition>
			<logic xsi:type="IsNotEmpty">
				<description> Patient has completed a 24-hour ECG study."
				</description>
				<operand xsi:type="ExpressionRef" name="24hrECGStudyConcludes" />
			</logic>	
			<conditionRole value="ApplicableScenario"/>	
		</condition>
	</conditions>
	<actionGroup>
		<behaviors>
			<behavior xsi:type="RequiredBehavior" value="Must"/>
		</behaviors>
		<title value="Notify the cardiologist" />
		<description value="Alert the cardiologist that the 24-hour ECG study has been completed by the patient." />
		<subElements>
			<simpleAction xsi:type="CreateAction">
				<actionSentence xsi:type="ObjectExpression"
					objectType="vmr:CommunicationProposal">
					<property name="message">
						<value xsi:type="ComplexLiteral">
							<value xsi:type="dt:ED"
								value="The patient has completed the 24-hour ECG study that was ordered." />
						</value>
					</property>
				</actionSentence>
			</simpleAction>
		</subElements>
	</actionGroup>
</knowledgeDocument>