<?xml version="1.0" encoding="UTF-8"?>
<?schematron-schema href="../main/schematron/knowledgeartifact.sch"?>
<?schematron-schema href="../main/schematron/ecarules.sch"?>
<knowledgeDocument xmlns="urn:hl7-org:knowledgeartifact:r1"
	xmlns:vmr="urn:hl7-org:vmr:r2"
	xmlns:dt="urn:hl7-org:cdsdt:r2" xmlns:p1="http://www.w3.org/1999/xhtml"
	xmlns:xml="http://www.w3.org/XML/1998/namespace" xmlns:xsi="http://www.w3.org/2001/XMLSchema-instance"
	xsi:schemaLocation="urn:hl7-org:knowledgeartifact:r1 ../schema/knowledgeartifact/knowledgedocument.xsd ">	
	<metadata>
		<identifiers>
			<identifier root="BloodPressureTrendingUp" version="1.0" />
		</identifiers>
		<artifactType value="Rule" />
		<schemaIdentifier root="urn:hl7-org:knowledgeartifact:r1" version="1.0" />	
		<dataModels>
			<modelReference>
				<description value="Virtual Medical Record model" />
				<referencedModel value="urn:hl7-org:vmr:r2"/>
			</modelReference>
		</dataModels>
		<title value="Blood pressure trending up for patient with hypertension diagnosis"/>
		<description value="Warns the clinician that most recent blood pressure measurement is increased 10% from the average blood pressure over the last year."/>
		<keyTerms>
			<term><dt:originalText value="Blood Pressure"/></term>
			<term><dt:originalText value="Trending"/></term>
			<term><dt:originalText value="Pre-Hypertensive"/></term>
			<term><dt:originalText value="SNOMED"/></term>
			<term><dt:originalText value="IHTSDO"/></term>
		</keyTerms>
		<status value="Draft" />
		<eventHistory>
			<artifactLifeCycleEvent>
				<eventType value="Created" />
				<eventDateTime value="20141203" />
			</artifactLifeCycleEvent>
			<artifactLifeCycleEvent>
				<eventType value="Pre-published" />
				<eventDateTime value="20141204" />
			</artifactLifeCycleEvent>
		</eventHistory>		
		<contributions>
			<contribution>
				<contributor xsi:type="Organization">
					<addresses>
						<address>
							<dt:part type="SAL" value="750 Main Street Ste 802" />
							<dt:part type="CTY" value="Hartford" />
							<dt:part type="ZIP" value="06103" />
							<dt:part type="STA" value="CT" />
							<dt:part type="CNT" value="USA" />
						</address>
					</addresses>
					<contacts>
					<contact value="203-431-2530" use="WP" capabilities="voice" />
					<contact value="203-431-2523" use="WP" capabilities="fax" />
					</contacts>
				<name value="Apelon" />
				</contributor>
				<role value="Author"/>
			</contribution>
			<contribution>
				<contributor xsi:type="Organization">
					<addresses>
						<address>
						<dt:part type="CTY" value="Washington, DC" />
						<dt:part type="ZIP" value="20420" />
						<dt:part type="CNT" value="USA" />
						</address>
					</addresses>
					<contacts>
					<contact value="877-234-5678" use="WP" />
					</contacts>
				<name value="VHA" />
				</contributor>
				<role value="Reviewer"/>
			</contribution>
		</contributions>
		<publishers>
			<publisher xsi:type="Organization">
				<addresses>
					<address>
						<dt:part type="CTY" value="Washington, DC" />
						<dt:part type="ZIP" value="20420" />
						<dt:part type="CNT" value="USA" />
					</address>
				</addresses>
				<contacts>
					<contact value="877-234-5678" use="WP" />
				</contacts>
				<name value="VHA" />
			</publisher>
		</publishers>
		<usageTerms>
			<rightsDeclaration>
				<assertedRights value="Copyright (2014), US Department of Veterans Affairs" />
				<rightsHolder xsi:type="Organization">
					<addresses>
						<address>
							<dt:part type="CTY" value="Washington, DC" />
							<dt:part type="ZIP" value="20420" />
							<dt:part type="CNT" value="USA" />
						</address>
					</addresses>
					<contacts>
						<contact value="877-234-5678" use="WP" />
					</contacts>
					<name value="VHA" />
				</rightsHolder>
			</rightsDeclaration>
		</usageTerms>
	</metadata>
	<externalData>
		<def name="Patient">
			<expression xsi:type="ClinicalRequest" cardinality="Single"
				dataType="vmr:EvaluatedPerson" isInitial="true">
				<description>Patient who has been evaluated.</description>
			</expression>
		</def>
		<def name="HypertensionDiagnosisSNOMED">
			<expression xsi:type="ClinicalRequest" cardinality="Multiple"
				dataType="vmr:Problem" codeProperty="conditionCode" dateProperty="diagnosticEventTime.low">
				<description>Hypertension diagnosis code entered during this or any prior encounter. </description>
				<codes xsi:type="ValueSet" id="2.16.840.1.113883.3.464.1003.104.12.1011" authority="NIH VSAC"
						version="1.0" />
			</expression>
		</def>
		<def name="BloodPressureMeasurements">
			<expression xsi:type="ClinicalRequest" cardinality="Multiple"
				dataType="vmr:ObservationResult" codeProperty="observationFocus"
				dateProperty="observationEventTime">
				<description>Patient's blood pressure measurements over the past year.</description>
				<codes xsi:type="List">
					<element xsi:type="CodeLiteral" code="75367002" codeSystem="2.16.840.1.113883.6.96" codeSystemName="SNOMEDCT" displayName="Blood pressure (observable entity)"/>
				</codes>
				<dateRange xsi:type="Interval">
					<begin xsi:type="DateAdd">
						<date xsi:type="Today" />
						<granularity xsi:type="Literal" valueType="DateGranularity"
							value="Month" />
						<numberOfPeriods xsi:type="IntegerLiteral" value="-12" />
					</begin>
					<end xsi:type="Today" />
				</dateRange>
			</expression>
		</def>
	</externalData>
	<expressions>
		<def name="MostRecentBloodPressureMeasurement">
			<expression xsi:type="Property" path="observationValue.value">
				<source xsi:type="Last" orderBy="observationEventTime">
					<source xsi:type="ExpressionRef" name="BloodPressureMeasurements"/>
				</source>
			</expression>
		</def>		
		<def name="AverageBloodPressureMeasurement">
			<expression xsi:type="Property" path="observationValue.value">
				<source xsi:type="Avg">
					<source xsi:type="ExpressionRef" name="BloodPressureMeasurements"/>
				</source>
			</expression>
		</def>	
		<def name="TotalBloodPressureMeasurement">
			<source xsi:type="Count">
				<source xsi:type="ExpressionRef" name="BloodPressureMeasurements"/>
			</source>
		</def>	
		<def name="BloodPressureQuotient">
			<expression xsi:type="Property" path="observationValue.value">
				<source xsi:type="Divide">
					<operand xsi:type="ExpressionRef" name="MostRecentBloodPressureMeasurement"/>						
					<operand xsi:type="ExpressionRef" name="AverageBloodPressureMeasurement"/>
				</source>
			</expression>
		</def>
	</expressions>
	<conditions>
		<condition>
			<logic xsi:type="And">
				<description> Patient has a diagnosis of hypertension either during this encounter or a prior encounter, and has 10% increase in blood pressure compared to previous measurement."
				</description>
				<operand xsi:type="IsNotEmpty">
					<description>Hypertension diagnosis code entered during this or any prior encounter</description>
					<operand xsi:type="ExpressionRef" name="HypertensionDiagnosisSNOMED" />
				</operand>
				<operand xsi:type="GreaterOrEqual">
					<description>Patient has had 4 or more blood pressure measurements in the past year.</description>
					<operand xsi:type="ExpressionRef" name="TotalBloodPressureMeasurement"/>
					<operand xsi:type="RealLiteral" value="4"/>
				</operand>
				<operand xsi:type="GreaterOrEqual">
					<description>Most recent blood pressure measurement is 10% increased from the average.</description>
					<operand xsi:type="ExpressionRef" name="BloodPressureQuotient"/>
					<operand xsi:type="RealLiteral" value="1.1"/>
				</operand>			
			</logic>	
			<conditionRole value="ApplicableScenario"/>	
		</condition>
	</conditions>
	<actionGroup>
		<behaviors>
			<behavior xsi:type="RequiredBehavior" value="Must"/>
		</behaviors>
		<title value="Alert the physician" />
		<description	value="Alert the physician the patient has a diagnosis of hypertension and their most recent blood pressure is 10% increased from their average over the last year." />
		<subElements>
			<simpleAction xsi:type="CreateAction">
				<actionSentence xsi:type="ObjectExpression"
					objectType="vmr:CommunicationProposal">
					<property name="message">
						<value xsi:type="ComplexLiteral">
							<value xsi:type="dt:ED"
								value="Increase of 10% in most recent blood pressure measurement for patient with hypertension diagnosis." />
						</value>
					</property>
				</actionSentence>
			</simpleAction>
		</subElements>
	</actionGroup>
</knowledgeDocument>