<?xml version="1.0" encoding="UTF-8"?>
<?schematron-schema href="../main/schematron/knowledgeartifact.sch"?>
<?schematron-schema href="../main/schematron/ecarules.sch"?>
<knowledgeDocument xmlns="urn:hl7-org:knowledgeartifact:r1"
	xmlns:vmr="urn:hl7-org:vmr:r2"
	xmlns:dt="urn:hl7-org:cdsdt:r2" xmlns:p1="http://www.w3.org/1999/xhtml"
	xmlns:xml="http://www.w3.org/XML/1998/namespace" xmlns:xsi="http://www.w3.org/2001/XMLSchema-instance"
	xsi:schemaLocation="urn:hl7-org:knowledgeartifact:r1 ../schema/knowledgeartifact/knowledgedocument.xsd ">	
	<metadata>
		<identifiers>
			<identifier root="SevereHeadacheNeurologicConsult" version="1.0" />
		</identifiers>
		<artifactType value="Rule" />
		<schemaIdentifier root="urn:hl7-org:knowledgeartifact:r1" version="1.0" />	
		<dataModels>
			<modelReference>
				<description value="Virtual Medical Record model" />
				<referencedModel value="urn:hl7-org:vmr:r2"/>
			</modelReference>
		</dataModels>
		<title value="Prompt clinician to order a neurological consult for severe headaches."/>
		<description value="If the patient reports specified headache symptoms, prompt the clinician to order a neurological consult."/>
		<keyTerms>
			<term><dt:originalText value="Neurological"/></term>
			<term><dt:originalText value="Consult Order"/></term>
			<term><dt:originalText value="Headache"/></term>
			<term><dt:originalText value="SNOMED"/></term>
			<term><dt:originalText value="IHTSDO"/></term>
		</keyTerms>
		<status value="Draft" />
		<eventHistory>
			<artifactLifeCycleEvent>
				<eventType value="Created" />
				<eventDateTime value="20140621" />
			</artifactLifeCycleEvent>
			<artifactLifeCycleEvent>
				<eventType value="Published" />
				<eventDateTime value="20140628" />
			</artifactLifeCycleEvent>
		</eventHistory>		
		<contributions>
			<contribution>
				<contributor xsi:type="Organization">
					<addresses>
						<address>
							<dt:part type="SAL" value="750 Main Street Ste 802" />
							<dt:part type="CTY" value="Hartford" />
							<dt:part type="ZIP" value="06103" />
							<dt:part type="STA" value="CT" />
							<dt:part type="CNT" value="USA" />
						</address>
					</addresses>
					<contacts>
					<contact value="203-431-2530" use="WP" capabilities="voice" />
					<contact value="203-431-2523" use="WP" capabilities="fax" />
					</contacts>
				<name value="Apelon" />
				</contributor>
				<role value="Author"/>
			</contribution>
			<contribution>
				<contributor xsi:type="Organization">
					<addresses>
						<address>
						<dt:part type="CTY" value="Washington, DC" />
						<dt:part type="ZIP" value="20420" />
						<dt:part type="CNT" value="USA" />
						</address>
					</addresses>
					<contacts>
					<contact value="877-234-5678" use="WP" />
					</contacts>
				<name value="VHA" />
				</contributor>
				<role value="Reviewer"/>
			</contribution>
		</contributions>
		<publishers>
			<publisher xsi:type="Organization">
				<addresses>
					<address>
						<dt:part type="CTY" value="Washington, DC" />
						<dt:part type="ZIP" value="20420" />
						<dt:part type="CNT" value="USA" />
					</address>
				</addresses>
				<contacts>
					<contact value="877-234-5678" use="WP" />
				</contacts>
				<name value="VHA" />
			</publisher>
		</publishers>
		<usageTerms>
			<rightsDeclaration>
				<assertedRights value="Copyright (2014), US Department of Veterans Affairs" />
				<rightsHolder xsi:type="Organization">
					<addresses>
						<address>
							<dt:part type="CTY" value="Washington, DC" />
							<dt:part type="ZIP" value="20420" />
							<dt:part type="CNT" value="USA" />
						</address>
					</addresses>
					<contacts>
						<contact value="877-234-5678" use="WP" />
					</contacts>
					<name value="VHA" />
				</rightsHolder>
			</rightsDeclaration>
		</usageTerms>
	</metadata>
	<externalData>
		<def name="Patient">
			<expression xsi:type="ClinicalRequest" cardinality="Single"
				dataType="vmr:EvaluatedPerson" isInitial="true">
				<description>Patient object of patient who has been evaluated.</description>
			</expression>
		</def>
		<def name="MigraineDiagnosisSNOMED">
			<expression xsi:type="ClinicalRequest" cardinality="Single"
				dataType="vmr:Problem" codeProperty="conditionCode" dateProperty="diagnosticEventTime.low">
				<description>One or more diagnosis codes for migraine headaches or symptoms has been entered. </description>
				<codes xsi:type="List">
					<element xsi:type="CodeLiteral" code="95653008"
						codeSystem="2.16.840.1.113883.6.96" codeSystemName="Apelon"
						displayName="Acute confusional migraine (disorder)" />
					<element xsi:type="CodeLiteral" code="124171000119105"
						codeSystem="2.16.840.1.113883.6.96" codeSystemName="Apelon"
						displayName="Chronic intractable migraine without aura (disorder)" />
					<element xsi:type="CodeLiteral" code="95655001"
						codeSystem="2.16.840.1.113883.6.96" codeSystemName="Apelon"
						displayName="Ophthalmic migraine (disorder)" />
					<element xsi:type="CodeLiteral" code="230465000"
						codeSystem="2.16.840.1.113883.6.96" codeSystemName="Apelon"
						displayName="Migraine aura without headache (disorder)" />
					<element xsi:type="CodeLiteral" code="230468003"
						codeSystem="2.16.840.1.113883.6.96" codeSystemName="Apelon"
						displayName="Migraine with ischemic complication (disorder)" />
					<element xsi:type="CodeLiteral" code="56097005"
						codeSystem="2.16.840.1.113883.6.96" codeSystemName="Apelon"
						displayName="Migraine without aura (disorder)" />
					<element xsi:type="CodeLiteral" code="423894005"
						codeSystem="2.16.840.1.113883.6.96" codeSystemName="Apelon"
						displayName="Refractory migraine (disorder)" />
					<element xsi:type="CodeLiteral" code="59292006"
						codeSystem="2.16.840.1.113883.6.96" codeSystemName="Apelon"
						displayName="Hemiplegic migraine (disorder)" />
					<element xsi:type="CodeLiteral" code="49605003"
						codeSystem="2.16.840.1.113883.6.96" codeSystemName="Apelon"
						displayName="Ophthalmoplegic migraine (disorder)" />
					<element xsi:type="CodeLiteral" code="83351003"
						codeSystem="2.16.840.1.113883.6.96" codeSystemName="Apelon"
						displayName="Basilar migraine (disorder)" />
					<element xsi:type="CodeLiteral" code="230462002"
						codeSystem="2.16.840.1.113883.6.96" codeSystemName="Apelon"
						displayName="Migraine with typical aura (disorder)" />
					<element xsi:type="CodeLiteral" code="4473006"
						codeSystem="2.16.840.1.113883.6.96" codeSystemName="Apelon"
						displayName="Migraine with aura (disorder)" />
					<element xsi:type="CodeLiteral" code="145611000119107"
						codeSystem="2.16.840.1.113883.6.96" codeSystemName="Apelon"
						displayName="Allergic migraine (disorder)" />
					<element xsi:type="CodeLiteral" code="425007008"
						codeSystem="2.16.840.1.113883.6.96" codeSystemName="Apelon"
						displayName="Migraine without aura, not refractory (disorder)" />
					<element xsi:type="CodeLiteral" code="161481007"
						codeSystem="2.16.840.1.113883.6.96" codeSystemName="Apelon"
						displayName="History of migraine (situation)" />
					<element xsi:type="CodeLiteral" code="26150009"
						codeSystem="2.16.840.1.113883.6.96" codeSystemName="Apelon"
						displayName="Lower half migraine (disorder)" />
					<element xsi:type="CodeLiteral" code="23186000"
						codeSystem="2.16.840.1.113883.6.96" codeSystemName="Apelon"
						displayName="Menstrual migraine (disorder)" />
					<element xsi:type="CodeLiteral" code="79267007"
						codeSystem="2.16.840.1.113883.6.96" codeSystemName="Apelon"
						displayName="Retinal migraine (disorder)" />
					<element xsi:type="CodeLiteral" code="425936006"
						codeSystem="2.16.840.1.113883.6.96" codeSystemName="Apelon"
						displayName="Intractable ophthalmic migraine (disorder)" />
					<element xsi:type="CodeLiteral" code="423279000"
						codeSystem="2.16.840.1.113883.6.96" codeSystemName="Apelon"
						displayName="Refractory migraine without aura (disorder)" />
					<element xsi:type="CodeLiteral" code="37796009"
						codeSystem="2.16.840.1.113883.6.96" codeSystemName="Apelon"
						displayName="Migraine (disorder)" />
					<element xsi:type="CodeLiteral" code="427419006"
						codeSystem="2.16.840.1.113883.6.96" codeSystemName="Apelon"
						displayName="Transformed migraine (disorder)" />
					<element xsi:type="CodeLiteral" code="18618006"
						codeSystem="2.16.840.1.113883.6.96" codeSystemName="Apelon"
						displayName="Aura (finding)" />
					<element xsi:type="CodeLiteral" code="162040008"
						codeSystem="2.16.840.1.113883.6.96" codeSystemName="Apelon"
						displayName="Abdominal migraine - symptom (finding)" />
					<element xsi:type="CodeLiteral" code="75879005"
						codeSystem="2.16.840.1.113883.6.96" codeSystemName="Apelon"
						displayName="Abdominal migraine (disorder)" />
					<element xsi:type="CodeLiteral" code="8579004"
						codeSystem="2.16.840.1.113883.6.96" codeSystemName="Apelon"
						displayName="Projectile vomiting (disorder)" />
					<element xsi:type="CodeLiteral" code="425365009"
						codeSystem="2.16.840.1.113883.6.96" codeSystemName="Apelon"
						displayName="Refractory migraine variants (disorder)" />
					<element xsi:type="CodeLiteral" code="445322004"
						codeSystem="2.16.840.1.113883.6.96" codeSystemName="Apelon"
						displayName="Migraine variant with headache (disorder)" />
					<element xsi:type="CodeLiteral" code="424699007"
						codeSystem="2.16.840.1.113883.6.96" codeSystemName="Apelon"
						displayName="Migraine variants, not intractable (disorder)" />
					<element xsi:type="CodeLiteral" code="699314009"
						codeSystem="2.16.840.1.113883.6.96" codeSystemName="Apelon"
						displayName="Migraine with persistent visual aura (disorder)" />
					<element xsi:type="CodeLiteral" code="423683008"
						codeSystem="2.16.840.1.113883.6.96" codeSystemName="Apelon"
						displayName="Refractory migraine with aura (disorder)" />
					<element xsi:type="CodeLiteral" code="193030005"
						codeSystem="2.16.840.1.113883.6.96" codeSystemName="Apelon"
						displayName="Migraine variants (disorder)" />
					<element xsi:type="CodeLiteral" code="608837004"
						codeSystem="2.16.840.1.113883.6.96" codeSystemName="Apelon"
						displayName="History of migraine with aura (situation)" />
					<element xsi:type="CodeLiteral" code="193039006"
						codeSystem="2.16.840.1.113883.6.96" codeSystemName="Apelon"
						displayName="Complicated migraine (disorder)" />
				</codes>
			</expression>
		</def>
	</externalData>
	<conditions>
		<condition>
			<logic xsi:type="IsNotEmpty">
				<description>Patient reports experiencing migraine headache symptoms or has been diagnosed with migraine headaches.</description>
				<operand xsi:type="ExpressionRef" name="MigraineDiagnosisSNOMED" />
			</logic>	
			<conditionRole value="ApplicableScenario"/>	
		</condition>
	</conditions>
	<actionGroup>
		<behaviors>
			<behavior xsi:type="RequiredBehavior" value="Must"/>
		</behaviors>
		<title value="Prompt the physician" />
		<description	value="Prompt the physician to order a neurological consult." />
		<subElements>
			<simpleAction xsi:type="CreateAction">
				<actionSentence xsi:type="ObjectExpression"
					objectType="vmr:CommunicationProposal">
					<property name="message">
						<value xsi:type="ComplexLiteral">
							<value xsi:type="dt:ED"
								value="Order neurological consult for patient who has severe headache symptoms or a migraine diagnosis." />
						</value>
					</property>
				</actionSentence>
			</simpleAction>
		</subElements>
	</actionGroup>
</knowledgeDocument>